appid,fname,lname,email,education,age,race,work_authorization,state,country,expected_salary
1,Prof.,Laisha,marianna.daniel@ezybarber.com,Undergraduate,28,Male,Yes,maharashtra,india,>100k - <=150k
2,Raphaelle,Schneider,dach.antonietta@mailpluss.com,Undergraduate,44,Female,Yes,texas,united states,>50k - <=100k
3,Dr.,Efren,steuber.albin@schule-breklum.de,Masters,34,Male,Yes,uttar pradesh,india,>100k - <=150k
4,Prof.,Clyde,dwight.hermisto@cardkurd.com,PhD,31,Male,No,california,united states,>150k - <=200k
5,Jacinto,Bayer,kessler.verda@ffo.kr,Undergraduate,50,Male,Yes,michigan,united states,>200k
6,Brianne,Grant,jlehner@jagomail.com,Undergraduate,31,Other,Yes,virginia,united states,>200k
7,Florida,Kunde,brown.simeon@cardkurd.com,Masters,34,Male,Yes,new jersey,united states,>200k
8,Louie,Baumbach,zpouros@freeallapp.com,HighSchool,40,Male,No,new york,united states,>150k - <=200k
9,Dr.,Terrill,clay20@recordar.site,Undergraduate,22,Male,No,new jersey,united states,>200k
10,Icie,Lubowitz,wconsidine@esenlee.com,Undergraduate,42,Female,No,new york,united states,>200k
11,Ebony,O'Keefe,ihintz@recordar.site,HighSchool,48,Other,Yes,new york,united states,>50k - <=100k
12,Jeramy,Harber,fisher.sharon@rmune.com,Masters,30,Other,No,georgia,united states,>200k
13,Kellie,Lebsack,geovanni.volkma@ladz.site,HighSchool,47,Other,Yes,new jersey,united states,>50k - <=100k
14,Arlene,Pacocha,abbey.keebler@816qs.com,HighSchool,49,Other,No,new york,united states,>50k - <=100k
15,Corine,Bernhard,klebsack@cloudscredit.com,HighSchool,26,Female,No,virginia,united states,>200k
16,Bernita,Luettgen,kenyon63@drstshop.com,HighSchool,43,Female,Yes,lowe's companies,lowes.com,>100k - <=150k
17,Ms.,Elinor,showe@rmune.com,HighSchool,26,Male,Yes,texas,united states,>200k
18,Prof.,Eula,ppfannerstill@recordar.site,HighSchool,39,Female,No,district of columbia,united states,<=50k
19,Queen,Oberbrunner,zschneider@zaya.ga,HighSchool,28,Other,No,new york,united states,>50k - <=100k
20,Dr.,Christina,diana.breitenbe@schule-breklum.de,HighSchool,25,Female,No,illinois,united states,>150k - <=200k
21,Warren,Green,jacobson.vince@debb.me,PhD,21,Female,Yes,greater london,united kingdom,<=50k
22,Mr.,Fredrick,carroll.gunnar@buntatukapro.com,HighSchool,33,Male,Yes,connecticut,united states,<=50k
23,Joy,Friesen,molly.spinka@kimachina.com,Masters,24,Female,No,maharashtra,india,<=50k
24,Eloy,Barton,llewellyn21@rheiop.com,PhD,23,Female,Yes,michigan,united states,>150k - <=200k
25,Imogene,Fahey,elijah53@txtee.site,PhD,29,Male,No,new york,united states,<=50k
26,Ms.,Mona,phegmann@snapboosting.com,Undergraduate,39,Female,Yes,greater london,united kingdom,<=50k
27,Prof.,Franz,ncollins@drstshop.com,PhD,35,Female,No,île-de-france,france,>100k - <=150k
28,Zelda,Davis,velva77@buntatukapro.com,PhD,46,Female,Yes,greater london,united kingdom,>100k - <=150k
29,Keenan,Kulas,alia52@asifboot.com,Undergraduate,23,Male,No,nordrhein-westfalen,germany,>150k - <=200k
30,Sage,Swaniawski,mrolfson@isueir.com,PhD,30,Female,Yes,illinois,united states,>100k - <=150k
31,Dr.,Moises,wolson@kimachina.com,HighSchool,23,Male,No,west berkshire,united kingdom,<=50k
32,Roberto,Nolan,hirthe.stanford@gmailvn.xyz,PhD,43,Other,Yes,ayatama energi,,>150k - <=200k
33,Angeline,Botsford,sigrid.bogan@osmye.com,HighSchool,28,Male,No,maryland,united states,>150k - <=200k
34,Mr.,Kurtis,jessika28@nkgursr.com,Masters,41,Female,Yes,new york,united states,<=50k
35,Mrs.,Kassandra,hobart.schulist@ilrlb.com,Masters,39,Female,Yes,greater london,united kingdom,>150k - <=200k
36,Dr.,Kody,gdare@suttal.com,HighSchool,31,Other,Yes,zuid-holland,netherlands,>200k
37,Foster,Parisian,cassin.camren@fernet89.com,PhD,31,Other,No,guangdong,china,>100k - <=150k
38,Wilhelmine,Treutel,royce.baumbach@gmailwe.com,PhD,31,Male,No,california,united states,>200k
39,Era,Schaden,chelsey.prohask@cloudscredit.com,PhD,40,Other,No,ohio,united states,>100k - <=150k
40,Dr.,Shawn,norval51@greendike.com,Undergraduate,49,Other,Yes,california,united states,>150k - <=200k
41,Miss,Katherine,abbey67@snapboosting.com,Masters,43,Other,Yes,new york,united states,>150k - <=200k
42,Ms.,Roberta,jaiden73@ciatico.site,Undergraduate,40,Female,Yes,washington,united states,>150k - <=200k
43,Brittany,Carter,dickens.ignatiu@cheapnitros.com,Masters,50,Other,Yes,california,united states,<=50k
44,Jedediah,Gerhold,mayer.ocie@boranora.com,Masters,48,Male,Yes,hillingdon,united kingdom,<=50k
45,Miss,Brandy,nbecker@kumpulanmedia.com,Masters,42,Female,No,california,united states,>200k
46,Mr.,Francisco,ike.herman@piftir.com,Masters,24,Female,No,minnesota,united states,>50k - <=100k
47,Cleora,Maggio,imarvin@ezybarber.com,PhD,44,Female,Yes,california,united states,>200k
48,Lia,Wisoky,aflatley@recordar.site,Undergraduate,35,Male,Yes,california,united states,>100k - <=150k
49,Eunice,Hilpert,rudolph.okon@hearourvoicetee.com,Undergraduate,37,Male,Yes,île-de-france,france,>100k - <=150k
50,Mrs.,Lenora,marty.purdy@mercantravellers.com,Masters,49,Female,No,île-de-france,france,>150k - <=200k
51,Dr.,Rosendo,ursula08@vireonidae.com,Masters,25,Female,No,illinois,united states,>200k
52,Angelina,Cassin,nsatterfield@eluvit.com,PhD,44,Male,Yes,california,united states,<=50k
53,Prof.,Efren,morar.paige@omdlism.com,HighSchool,32,Other,Yes,bavaria,germany,<=50k
54,Charlie,Howell,kling.delphine@victorysvg.com,Masters,29,Other,No,new jersey,united states,>150k - <=200k
55,Damon,Torphy,wintheiser.math@plexvenet.com,Undergraduate,37,Male,Yes,texas,united states,<=50k
56,Reginald,Ruecker,wyman.roma@tchoeo.com,PhD,22,Other,No,virginia,united states,>150k - <=200k
57,Bryon,Leffler,hipolito.rice@tchoeo.com,PhD,30,Female,Yes,california,united states,>100k - <=150k
58,Prof.,Amber,kenyatta42@greendike.com,PhD,39,Other,Yes,new york,united states,>200k
59,Mr.,Bret,kub.vernon@sewce.com,Masters,47,Other,Yes,greater london,united kingdom,>100k - <=150k
60,Beulah,Monahan,tframi@eetieg.com,HighSchool,39,Female,No,bavaria,germany,>50k - <=100k
61,Marlene,Hilll,kessler.nolan@btcmod.com,Masters,26,Female,No,california,united states,>50k - <=100k
62,Kayla,Hayes,damore.filibert@hotmail.red,HighSchool,44,Other,No,california,united states,>50k - <=100k
63,Timmy,Pollich,zlehner@v-mail.xyz,HighSchool,50,Other,Yes,île-de-france,france,<=50k
64,Annie,Schimmel,greg.purdy@mphaotu.com,Undergraduate,50,Male,Yes,guangdong,china,>200k
65,Bertrand,Mann,loyal.stracke@sanalgos.site,Masters,36,Female,Yes,new jersey,united states,>150k - <=200k
66,Mrs.,Stephany,aubree.carroll@sanalgos.site,PhD,44,Male,Yes,illinois,united states,>100k - <=150k
67,Mekhi,Lubowitz,stephany09@emvil.com,Masters,32,Female,No,nordrhein-westfalen,germany,<=50k
68,Prof.,Sebastian,christiansen.je@ifrghee.com,HighSchool,36,Other,Yes,ohio,united states,>150k - <=200k
69,Mr.,Owen,champlin.rashaw@tunrahn.com,Masters,24,Other,Yes,minnesota,united states,>50k - <=100k
70,Ryder,Nicolas,dgleason@ifrghee.com,Masters,33,Male,Yes,new jersey,united states,>100k - <=150k
71,Halie,Koelpin,jacynthe.rolfso@isueir.com,PhD,30,Female,Yes,new jersey,united states,>100k - <=150k
72,Eladio,Russel,cordell77@ladz.site,Undergraduate,42,Female,No,georgia,united states,>100k - <=150k
73,Tavares,Schroeder,andrew.kuvalis@cloudscredit.com,HighSchool,28,Other,No,maharashtra,india,>100k - <=150k
74,Ted,Rempel,amara76@greendike.com,HighSchool,28,Male,Yes,karnataka,india,>150k - <=200k
75,Rico,Bechtelar,kertzmann.mateo@ciatico.site,HighSchool,27,Other,Yes,california,united states,<=50k
76,Sigurd,Ortiz,switting@oygkt.com,HighSchool,50,Female,No,ontario,canada,>50k - <=100k
77,Brando,Stehr,callie.okuneva@hotmail.red,HighSchool,26,Female,Yes,virginia,united states,>50k - <=100k
78,Perry,Satterfield,schneider.emera@rheiop.com,PhD,38,Female,Yes,new york,united states,<=50k
79,Dr.,Kole,mwaters@rheiop.com,Undergraduate,27,Other,Yes,new york,united states,>150k - <=200k
80,Leif,Koelpin,krajcik.jerry@ecallen.com,Masters,47,Male,Yes,guangdong,china,>50k - <=100k
81,Ayana,Koch,yjacobson@cloudscredit.com,Masters,30,Female,No,karnataka,india,<=50k
82,Aurore,Sanford,alana.haag@mexcool.com,Undergraduate,48,Male,No,minnesota,united states,<=50k
83,Frederique,Schinner,kelton53@kumpulanmedia.com,HighSchool,44,Male,No,new york,united states,<=50k
84,Major,Kreiger,stephon.goldner@snapboosting.com,Masters,22,Other,Yes,wisconsin,united states,>50k - <=100k
85,Gilda,Heller,jschneider@gmailvn.xyz,PhD,41,Female,No,california,united states,>50k - <=100k
86,Dr.,Curtis,julio.rogahn@sanalgos.site,Masters,44,Female,Yes,georgia,united states,<=50k
87,Margie,Hermiston,arlo.mann@sanalgos.site,Masters,35,Male,Yes,south carolina,united states,<=50k
88,Elza,Balistreri,kparker@sewce.com,Undergraduate,26,Male,No,zurich,switzerland,<=50k
89,Abdul,Emmerich,pearlie.koelpin@mexcool.com,Masters,48,Other,No,california,united states,<=50k
90,Karen,Terry,virginia.cronin@taatfrih.com,PhD,39,Other,Yes,guangdong,china,>150k - <=200k
91,Sabina,O'Reilly,efren.fritsch@yt-google.com,PhD,42,Male,Yes,california,united states,>100k - <=150k
92,Doyle,Medhurst,angelina42@cheapnitros.com,HighSchool,33,Other,Yes,greater london,united kingdom,>100k - <=150k
93,Betty,Roberts,dallas.schaden@ffo.kr,PhD,50,Other,Yes,illinois,united states,>50k - <=100k
94,Mr.,Lane,dorris42@v-mail.xyz,PhD,22,Female,No,california,united states,<=50k
95,Enos,McKenzie,lesch.isobel@victorysvg.com,Masters,47,Other,No,karnataka,india,>50k - <=100k
96,Prof.,Rowena,declan.mueller@bai47.com,PhD,44,Other,Yes,new jersey,united states,>150k - <=200k
97,Maiya,Brown,dhauck@gmailvn.net,Undergraduate,21,Other,No,turin,united kingdom,>100k - <=150k
98,Bradford,Schmitt,mtreutel@victorysvg.com,PhD,50,Male,No,aquitaine,france,>100k - <=150k
99,Asa,Kautzer,teresa.beier@kumpulanmedia.com,HighSchool,24,Female,No,maryland,united states,<=50k
100,Cali,Orn,wyman.linnea@tnooldhl.com,PhD,32,Female,Yes,new york,united states,>100k - <=150k
101,Miss,Retha,kcollier@recordar.site,Masters,46,Female,Yes,zurich,switzerland,<=50k
102,Maria,Vandervort,earnest.willms@tunrahn.com,Masters,47,Female,No,connecticut,united states,>100k - <=150k
103,Sadye,Kiehn,alden.gottlieb@buntatukapro.com,HighSchool,42,Other,No,lowe's companies,lowes.com,>50k - <=100k
104,Concepcion,Schaefer,llebsack@eluvit.com,HighSchool,36,Other,No,uttar pradesh,india,>100k - <=150k
105,Ms.,Maye,roosevelt.strei@systechmail.com,Masters,38,Other,No,aquitaine,france,>200k
106,Mr.,Maximus,johnny63@hdtniudn.com,Masters,41,Other,Yes,zurich,switzerland,>100k - <=150k
107,Darrion,Kerluke,xmedhurst@suttal.com,Undergraduate,30,Female,No,keller williams realty,kw.com,>200k
108,Dr.,Zelda,kasandra98@tnooldhl.com,PhD,41,Male,No,district of columbia,united states,>150k - <=200k
109,Alena,Fisher,yfeest@esenlee.com,Undergraduate,29,Other,Yes,virginia,united states,>150k - <=200k
110,Sierra,Streich,hessel.deven@bookue.site,HighSchool,39,Male,Yes,district of columbia,united states,>200k
111,Anita,Wuckert,yessenia.littel@systechmail.com,HighSchool,37,Female,Yes,washington,united states,<=50k
112,Edmund,Jenkins,judy.huel@emvil.com,HighSchool,21,Male,Yes,new york,united states,>150k - <=200k
113,Amparo,Hoppe,vaughn.bartolet@victorysvg.com,Undergraduate,50,Female,Yes,kentucky,united states,>50k - <=100k
114,Jeanne,Moore,hruecker@gmailvn.xyz,Undergraduate,27,Other,Yes,maryland,united states,>50k - <=100k
115,Miss,Magali,garrick58@cloudscredit.com,HighSchool,48,Other,Yes,new jersey,united states,<=50k
116,Dr.,Tristin,yoconnell@eiibps.com,Undergraduate,49,Female,No,zurich,switzerland,>50k - <=100k
117,Megane,Stracke,brosenbaum@pdfrl.site,HighSchool,26,Other,No,michigan,united states,>50k - <=100k
118,Antone,Boehm,hmohr@tnooldhl.com,HighSchool,40,Male,No,ayatama energi,,>200k
119,Prof.,Sean,margret.koss@hotmail.red,Undergraduate,41,Male,No,île-de-france,france,>100k - <=150k
120,Gennaro,Pacocha,weber.jeramy@hotmail.red,HighSchool,33,Other,No,île-de-france,france,>200k
121,Lillian,Larson,trevion.hyatt@hungta2.com,HighSchool,23,Male,No,uusimaa,finland,>200k
122,Moriah,Hammes,tyra59@boranora.com,Undergraduate,43,Other,Yes,new york,united states,>50k - <=100k
123,Mrs.,Katheryn,judge66@ilrlb.com,PhD,26,Male,No,greater london,united kingdom,>200k
124,Shania,Schultz,rice.brennon@debb.me,Undergraduate,39,Female,No,illinois,united states,>200k
125,Mona,McClure,vidal.brown@esenlee.com,HighSchool,38,Other,Yes,virginia,united states,>50k - <=100k
126,Brenna,Sipes,cgreenfelder@azwev.site,PhD,38,Other,Yes,new jersey,united states,>150k - <=200k
127,Prof.,Cyrus,pbosco@isueir.com,Masters,49,Other,No,keller williams realty,kw.com,>100k - <=150k
128,Ulices,O'Reilly,hbarton@tchoeo.com,PhD,32,Male,No,georgia,united states,>100k - <=150k
129,Anibal,Gutkowski,zstark@kumpulanmedia.com,HighSchool,23,Male,No,zurich,switzerland,>50k - <=100k
130,Izabella,Crist,daren.wyman@eiibps.com,Masters,34,Other,No,california,united states,>50k - <=100k
131,Brandyn,Predovic,marcellus28@ladz.site,Masters,31,Male,No,new jersey,united states,>200k
132,Chaim,Gulgowski,soledad92@hotmail.red,Masters,44,Female,Yes,zurich,switzerland,<=50k
133,Richard,Hammes,demario62@hanzganteng.tk,HighSchool,29,Other,Yes,california,united states,>200k
134,Prof.,Travis,nolan.muller@eiibps.com,HighSchool,39,Other,Yes,keller williams realty,kw.com,>200k
135,Mr.,Jeramy,cdooley@esenlee.com,PhD,28,Other,Yes,île-de-france,france,>50k - <=100k
136,Miss,Yvette,erich67@isueir.com,PhD,50,Female,Yes,guangdong,china,>100k - <=150k
137,Lisa,Leuschke,meta.rice@buntatukapro.com,Undergraduate,44,Male,Yes,ontario,canada,<=50k
138,Bridgette,Kub,reyes.walter@icenhl.com,Masters,28,Female,No,west berkshire,united kingdom,>150k - <=200k
139,Ms.,Melyna,desmond81@greendike.com,PhD,36,Female,Yes,new york,united states,>200k
140,Prof.,Nelda,nora.watsica@sewce.com,HighSchool,31,Female,Yes,illinois,united states,>100k - <=150k
141,Manuela,Jerde,heller.mossie@bai47.com,Masters,39,Male,No,basel-city,switzerland,>100k - <=150k
142,Declan,Kerluke,wreynolds@esenlee.com,HighSchool,38,Other,No,washington,united states,>200k
143,Wilbert,Rodriguez,lew.smith@nonise.com,Masters,25,Male,No,washington,united states,>100k - <=150k
144,Madonna,Kemmer,bernie96@icenhl.com,PhD,41,Female,Yes,california,united states,>100k - <=150k
145,Nick,O'Reilly,francisca30@buntatukapro.com,Undergraduate,31,Other,Yes,vaud,switzerland,<=50k
146,Ken,Corkery,gerhold.kaden@greendike.com,HighSchool,26,Female,No,maryland,united states,<=50k
147,Miss,Melba,phoebe99@sewce.com,PhD,43,Other,No,guangdong,china,>50k - <=100k
148,Larry,Volkman,susan.leffler@greendike.com,Undergraduate,49,Female,No,basel-city,switzerland,>50k - <=100k
149,Prof.,Tracey,frieda.brakus@ladz.site,Masters,24,Male,No,illinois,united states,>150k - <=200k
150,Oleta,Kuvalis,reynolds.rosali@omdlism.com,HighSchool,34,Female,No,new york,united states,>150k - <=200k
151,Arne,VonRueden,beatty.darrell@pdfrl.site,Masters,47,Female,Yes,illinois,united states,<=50k
152,Fatima,Robel,zemlak.rudolph@wpdork.com,Undergraduate,41,Other,No,greater london,united kingdom,>150k - <=200k
153,Callie,McKenzie,sleffler@mitakian.com,Masters,37,Male,No,turin,united kingdom,>50k - <=100k
154,Laverne,Murphy,bernadette92@cloudscredit.com,HighSchool,46,Female,Yes,greater london,united kingdom,>200k
155,Kenny,Hamill,welch.alvina@nbobd.com,Undergraduate,39,Male,No,california,united states,>100k - <=150k
156,Dr.,Eloise,ostreich@crpotu.com,Masters,35,Other,Yes,lowe's companies,lowes.com,>150k - <=200k
157,Emma,Ferry,audie.carter@piftir.com,Undergraduate,46,Male,Yes,uttar pradesh,india,>100k - <=150k
158,Juvenal,Howe,rafaela.braun@nbobd.com,HighSchool,46,Female,No,district of columbia,united states,>100k - <=150k
159,Leonard,Kuhlman,mayert.wiley@pdfrl.site,HighSchool,32,Female,No,new jersey,united states,>50k - <=100k
160,Rogers,Jenkins,danika.heidenre@ulummky.com,Undergraduate,41,Other,No,new york,united states,>200k
161,Dameon,Blanda,cpouros@debb.me,Undergraduate,22,Other,No,district of columbia,united states,>200k
162,Ned,McCullough,robyn.white@wpdork.com,PhD,41,Female,No,ayatama energi,,>50k - <=100k
163,Dr.,Shyann,gislason.yasmin@zipeo.site,Masters,38,Male,No,karnataka,india,>200k
164,Mr.,Malcolm,reilly.antonina@piftir.com,HighSchool,25,Other,Yes,georgia,united states,>200k
165,Gustave,Bartell,qrodriguez@fixthisrecipe.com,PhD,34,Male,No,ohio,united states,>150k - <=200k
166,Dr.,Novella,abner38@ecallen.com,PhD,22,Other,Yes,greater london,united kingdom,>200k
167,Miss,Kavon,gardner19@24hinbox.com,Masters,32,Female,No,hessen,germany,>150k - <=200k
168,Kyle,Boyle,grant.laurel@eetieg.com,Masters,47,Female,No,washington,united states,>200k
169,Fae,Lind,jermain.stanton@tchoeo.com,PhD,22,Female,No,california,united states,<=50k
170,Carlo,Hintz,terry.dare@cloudscredit.com,Masters,37,Male,No,ohio,united states,>200k
171,Dr.,Ryan,lokuneva@hungta2.com,Masters,29,Male,No,surrey,united kingdom,>150k - <=200k
172,Dr.,Deontae,gmckenzie@eetieg.com,Undergraduate,38,Female,Yes,greater london,united kingdom,>50k - <=100k
173,Mariela,Kuhn,wava12@antawii.com,PhD,23,Other,No,new york,united states,>100k - <=150k
174,Deion,Hegmann,maida.pacocha@gmailvn.net,Masters,33,Other,Yes,maharashtra,india,>150k - <=200k
175,Trisha,Kilback,makenna.labadie@golviagens.com,PhD,25,Female,No,south carolina,united states,>50k - <=100k
176,Dr.,Camron,ytoy@eetieg.com,Undergraduate,43,Male,Yes,new york,united states,>200k
177,Paxton,Deckow,mokon@boranora.com,HighSchool,47,Male,No,maharashtra,india,>200k
178,Lelia,Oberbrunner,annette.carter@jagomail.com,HighSchool,30,Female,No,zuid-holland,netherlands,<=50k
179,Lavon,Ritchie,wisoky.elroy@ladz.site,Masters,43,Female,Yes,karnataka,india,>150k - <=200k
180,Prof.,Terrill,lynn03@tchoeo.com,HighSchool,34,Male,No,new york,united states,>150k - <=200k
181,Mr.,Vidal,gorczany.ulises@24mail.top,HighSchool,25,Female,Yes,california,united states,<=50k
182,Darrion,Mills,durgan.ardella@24mail.top,HighSchool,42,Female,Yes,california,united states,>50k - <=100k
183,Heaven,Schmidt,walter.elenora@bedulsenpai.net,Undergraduate,38,Other,Yes,north carolina,united states,>50k - <=100k
184,Christa,Bergstrom,riley.heaney@ilrlb.com,Undergraduate,40,Other,No,surrey,united kingdom,>150k - <=200k
185,Carley,Schumm,collier.filomen@rheiop.com,HighSchool,41,Other,Yes,new jersey,united states,>150k - <=200k
186,Miss,Dixie,maia.kuhic@yt-google.com,PhD,27,Male,Yes,california,united states,>100k - <=150k
187,Brendon,Vandervort,miller.kenyon@rheiop.com,PhD,23,Female,No,illinois,united states,<=50k
188,Webster,Wolff,elisha.miller@eluvit.com,Undergraduate,37,Male,No,vaud,switzerland,>200k
189,Norval,Conroy,emmerich.queen@omdlism.com,Undergraduate,50,Other,Yes,illinois,united states,>150k - <=200k
190,Prof.,Amina,wiegand.eva@antawii.com,Masters,45,Male,Yes,île-de-france,france,>100k - <=150k
191,Prof.,Isaac,brook.erdman@hotmail.red,Masters,46,Male,Yes,zurich,switzerland,<=50k
192,Dr.,Chad,thodkiewicz@cloudscredit.com,Masters,31,Female,No,new york,united states,>150k - <=200k
193,Oma,Rosenbaum,randal.kuhlman@kenvanharen.com,PhD,40,Female,No,aquitaine,france,>100k - <=150k
194,Mr.,Mark,okuneva.guy@rheiop.com,HighSchool,43,Male,Yes,aquitaine,france,>50k - <=100k
195,Prof.,Keaton,konopelski.gerd@hcfmgsrp.com,Masters,34,Other,Yes,aquitaine,france,<=50k
196,Prof.,Selmer,vupton@zaya.ga,PhD,49,Male,Yes,nordrhein-westfalen,germany,>100k - <=150k
197,Thelma,Runte,grady09@gmailvn.xyz,Masters,39,Male,Yes,new jersey,united states,>200k
198,Alanis,Keebler,hansen.tristin@gmailwe.com,Masters,21,Male,No,kentucky,united states,>50k - <=100k
199,Prof.,Melyna,gutkowski.jauni@victorysvg.com,Undergraduate,43,Female,Yes,north carolina,united states,>50k - <=100k
200,Lucas,Parker,garrick.hirthe@wpadye.com,HighSchool,32,Male,Yes,bavaria,germany,>100k - <=150k
201,Dr.,Breana,simonis.margret@cloudscredit.com,Undergraduate,41,Female,Yes,virginia,united states,>200k
202,Lillian,Sauer,grayce98@mercantravellers.com,Undergraduate,29,Female,No,turin,united kingdom,>200k
203,Coby,Bernier,sauer.brittany@antawii.com,Masters,33,Female,Yes,hillingdon,united kingdom,>200k
204,Dr.,Kimberly,weissnat.amiya@luddo.me,PhD,40,Male,No,west berkshire,united kingdom,>150k - <=200k
205,Nick,Cartwright,lawson.koelpin@gmailvn.net,Undergraduate,26,Male,No,virginia,united states,<=50k
206,Camren,Koelpin,hayes.sadye@zaya.ga,Masters,38,Other,Yes,california,united states,>200k
207,Prof.,Friedrich,richmond14@nbobd.com,Masters,45,Other,No,wisconsin,united states,>100k - <=150k
208,Dr.,Jayden,alejandra.jakub@ffo.kr,Masters,43,Female,Yes,minnesota,united states,<=50k
209,Katarina,Lesch,aubrey.howe@colevillecapital.com,HighSchool,21,Male,Yes,illinois,united states,<=50k
210,Alison,Streich,ebuckridge@colevillecapital.com,Undergraduate,49,Male,No,île-de-france,france,<=50k
211,Trevion,Hagenes,itromp@ladz.site,Masters,33,Other,Yes,michigan,united states,>50k - <=100k
212,Prof.,Forest,dhilll@emvil.com,HighSchool,29,Other,No,washington,united states,<=50k
213,Evelyn,Pacocha,jameson84@ecallen.com,Masters,34,Female,Yes,west berkshire,united kingdom,>200k
214,Prof.,Verlie,wgorczany@ciatico.site,PhD,42,Male,Yes,california,united states,>50k - <=100k
215,Dr.,Jules,heaven03@ichstet.com,Masters,40,Female,Yes,île-de-france,france,>150k - <=200k
216,Randi,Quitzon,goodwin.vicenta@schule-breklum.de,Undergraduate,43,Other,No,illinois,united states,<=50k
217,Prof.,Rafael,anibal21@ilrlb.com,PhD,31,Other,Yes,kentucky,united states,>100k - <=150k
218,Harold,Smith,mcglynn.vergie@ichstet.com,Masters,34,Male,No,new york,united states,>200k
219,Laury,Renner,gleichner.uriah@mailpluss.com,Masters,36,Other,Yes,south carolina,united states,>150k - <=200k
220,Elnora,Thompson,von.ralph@boranora.com,HighSchool,44,Male,Yes,ohio,united states,>150k - <=200k
221,Ms.,Pearline,huels.justyn@esenlee.com,Masters,45,Male,No,california,united states,>200k
222,Dr.,Nelda,hoppe.jolie@ffo.kr,Undergraduate,48,Female,Yes,illinois,united states,>200k
223,Adriel,Durgan,mpagac@cloudscredit.com,PhD,43,Other,No,minnesota,united states,>100k - <=150k
224,Yadira,Bogisich,lwuckert@esenlee.com,Undergraduate,30,Male,No,ontario,canada,>50k - <=100k
225,Darby,Wehner,zackary.bergstr@btcmod.com,Undergraduate,31,Other,Yes,texas,united states,>50k - <=100k
226,Ara,Moore,antonette.cummi@ifrghee.com,Undergraduate,22,Male,Yes,stockholm,sweden,>150k - <=200k
227,Hyman,Cronin,douglas54@24hinbox.com,Masters,25,Male,No,minnesota,united states,>200k
228,Breana,Glover,allene.pfeffer@24hinbox.com,HighSchool,49,Male,No,vaud,switzerland,>150k - <=200k
229,Ophelia,Murazik,cassin.kendra@kimachina.com,PhD,25,Female,Yes,new jersey,united states,<=50k
230,Delpha,Jacobson,ankunding.jordo@esenlee.com,Undergraduate,36,Other,No,greater london,united kingdom,>150k - <=200k
231,Dr.,Jaylon,frederick.johns@wpadye.com,HighSchool,41,Female,No,district of columbia,united states,>150k - <=200k
232,Nakia,Kulas,kris.antwan@jagomail.com,PhD,46,Other,Yes,stockholm,sweden,>200k
233,Gerald,Rowe,freida69@eetieg.com,Masters,34,Other,No,île-de-france,france,>100k - <=150k
234,Geovanni,Brakus,horace.volkman@rheiop.com,PhD,43,Male,No,maharashtra,india,>50k - <=100k
235,Ms.,Julianne,lueilwitz.desta@hotmail.red,Masters,33,Male,Yes,virginia,united states,>200k
236,Jarvis,Kunde,dewitt.cronin@gmailvn.net,Masters,24,Male,No,new york,united states,>50k - <=100k
237,Dina,Larkin,bbecker@eetieg.com,Masters,43,Male,Yes,ayatama energi,,<=50k
238,Kamron,Gerhold,qlabadie@hanzganteng.tk,PhD,29,Other,No,minnesota,united states,<=50k
239,Aurelia,Pfeffer,lubowitz.cassid@ilrlb.com,HighSchool,28,Female,Yes,california,united states,>100k - <=150k
240,Otis,Welch,hpfannerstill@24hinbox.com,HighSchool,42,Other,Yes,district of columbia,united states,>50k - <=100k
241,Jaylin,Muller,bmante@omdiaco.com,PhD,24,Male,No,georgia,united states,>200k
242,Dr.,Tyree,dsanford@ffgrn.com,Undergraduate,40,Male,No,michigan,united states,>100k - <=150k
243,Freeman,Bartoletti,zcollier@hotmail.red,Masters,25,Other,No,california,united states,>150k - <=200k
244,Mrs.,Ashlynn,ernestine.scham@kimachina.com,Masters,44,Other,Yes,ontario,canada,>200k
245,Marian,Spinka,hermiston.emile@colevillecapital.com,Undergraduate,30,Other,Yes,uttar pradesh,india,>50k - <=100k
246,Prof.,Bo,trantow.janet@omdlism.com,HighSchool,36,Male,Yes,hessen,germany,>100k - <=150k
247,Mr.,Preston,howell.jaron@hanzganteng.tk,Masters,34,Female,No,bavaria,germany,<=50k
248,Prof.,Julien,hansen.rachael@eatneha.com,HighSchool,32,Male,Yes,connecticut,united states,>200k
249,Giles,Mitchell,marcos14@rheiop.com,Masters,36,Other,No,île-de-france,france,<=50k
250,Alta,Schinner,scotty70@mercantravellers.com,PhD,35,Female,Yes,illinois,united states,<=50k
251,Miss,Kristina,summer.wehner@kimachina.com,PhD,47,Female,Yes,washington,united states,>150k - <=200k
252,Prof.,Lane,welch.urban@gmailvn.net,Masters,43,Female,Yes,california,united states,<=50k
253,Mr.,Gilbert,vesta.bogan@ifrghee.com,Masters,44,Female,No,ontario,canada,>200k
254,Berenice,Hartmann,mafalda41@kimsangung.com,Masters,29,Other,No,greater london,united kingdom,>50k - <=100k
255,Lukas,Mueller,owalter@drstshop.com,Undergraduate,23,Other,Yes,new york,united states,>100k - <=150k
256,Hailey,McCullough,cbarrows@ifrghee.com,Masters,47,Male,Yes,district of columbia,united states,>150k - <=200k
257,Prof.,Buster,block.rocio@gmailvn.net,Undergraduate,38,Female,No,california,united states,>200k
258,Kassandra,Kozey,dryan@ciatico.site,PhD,21,Female,Yes,new york,united states,>50k - <=100k
259,Prof.,Aleen,lera52@eluvit.com,Undergraduate,34,Female,Yes,ohio,united states,>100k - <=150k
260,Mrs.,Verda,dkutch@tnooldhl.com,PhD,23,Male,Yes,massachusetts,united states,>200k
261,Hollis,Rowe,dickinson.briel@eetieg.com,Undergraduate,47,Other,No,illinois,united states,>150k - <=200k
262,Mrs.,Laurine,lhyatt@kimsangung.com,HighSchool,46,Other,No,new york,united states,>150k - <=200k
263,Shirley,Eichmann,mona.cronin@cardkurd.com,Masters,24,Other,No,surrey,united kingdom,>150k - <=200k
264,Justine,Morar,vchamplin@24hinbox.com,HighSchool,27,Female,No,georgia,united states,<=50k
265,Billy,Walter,dgoyette@hcfmgsrp.com,Undergraduate,36,Male,Yes,guangdong,china,>100k - <=150k
266,Prof.,Elenora,easton24@golviagens.com,Masters,34,Male,No,hessen,germany,>100k - <=150k
267,Lia,Hoeger,garrison.jerde@ffo.kr,HighSchool,21,Other,Yes,guangdong,china,>200k
268,Dr.,Rylee,dylan61@omdlism.com,HighSchool,25,Male,Yes,new jersey,united states,>50k - <=100k
269,Eveline,Rowe,wkerluke@esenlee.com,HighSchool,47,Female,No,illinois,united states,>100k - <=150k
270,June,Yost,yondricka@lompikachi.com,PhD,39,Other,No,illinois,united states,<=50k
271,Prof.,Abdullah,rita.parisian@nugastore.com,PhD,46,Male,No,minnesota,united states,>150k - <=200k
272,Ramiro,Cartwright,itzel.goldner@hotmail.red,Masters,49,Other,Yes,new jersey,united states,>100k - <=150k
273,Jefferey,Doyle,grady.wanda@bedulsenpai.net,HighSchool,39,Female,No,new jersey,united states,>50k - <=100k
274,Dr.,Leonardo,emelia.runolfsd@nugastore.com,Undergraduate,31,Female,No,new york,united states,<=50k
275,Amir,Crona,vlebsack@jagomail.com,Undergraduate,25,Male,No,zurich,switzerland,>150k - <=200k
276,Laurie,McGlynn,margot88@ifrghee.com,Undergraduate,42,Male,Yes,virginia,united states,>100k - <=150k
277,Abdullah,Franecki,altenwerth.fred@omdlism.com,HighSchool,41,Male,Yes,wisconsin,united states,>200k
278,Dr.,Vaughn,fblock@wpadye.com,HighSchool,34,Other,No,california,united states,>100k - <=150k
279,Miss,Rhea,knikolaus@hotmail.red,Masters,36,Female,Yes,district of columbia,united states,>200k
280,Margot,Bayer,vokeefe@cloudscredit.com,PhD,42,Female,Yes,california,united states,>150k - <=200k
281,Milan,Bayer,oprohaska@eatneha.com,PhD,28,Female,Yes,new york,united states,>150k - <=200k
282,Prof.,Angelina,jade55@eatneha.com,Masters,22,Other,No,karnataka,india,>50k - <=100k
283,Danyka,Reilly,edaugherty@jagomail.com,Undergraduate,21,Female,No,texas,united states,>50k - <=100k
284,Sandra,Watsica,mshields@rheiop.com,Masters,26,Female,Yes,new jersey,united states,<=50k
285,Zoila,Steuber,karelle27@gmailpro.gq,HighSchool,22,Male,No,michigan,united states,>150k - <=200k
286,Camila,Little,maggie.daughert@beinger.me,HighSchool,41,Female,No,keller williams realty,kw.com,>50k - <=100k
287,Kaylee,Goodwin,odavis@santonicrotone.it,PhD,47,Male,No,new jersey,united states,>100k - <=150k
288,Alden,Wiegand,barton.alphonso@gmailvn.net,HighSchool,22,Male,No,guangdong,china,>100k - <=150k
289,Kaitlin,Ullrich,nat.bailey@eluvit.com,PhD,32,Male,Yes,new york,united states,>50k - <=100k
290,Mrs.,Emmanuelle,pfannerstill.ev@hanzganteng.tk,PhD,47,Male,No,new york,united states,<=50k
291,Dr.,Pearl,kstreich@rheiop.com,Undergraduate,25,Other,No,ayatama energi,,>100k - <=150k
292,Mr.,Derek,ledner.nicholas@nugastore.com,Masters,26,Female,No,karnataka,india,>200k
293,Jessica,Labadie,llewellyn13@rheiop.com,Masters,24,Female,Yes,california,united states,>200k
294,Juvenal,Shields,franecki.itzel@recordar.site,Masters,37,Male,No,maryland,united states,<=50k
295,Dudley,Swift,alexis.mayert@oreple.com,Masters,21,Other,Yes,aquitaine,france,>100k - <=150k
296,Dr.,Geovany,tjerde@crpotu.com,PhD,42,Male,Yes,washington,united states,<=50k
297,Emanuel,Fisher,nat.bednar@sharyndoll.com,HighSchool,36,Female,Yes,new york,united states,>100k - <=150k
298,Mrs.,Aditya,pleffler@isueir.com,Masters,33,Other,Yes,illinois,united states,>150k - <=200k
299,Viviane,Jacobi,ortiz.hulda@schule-breklum.de,Masters,34,Female,Yes,greater london,united kingdom,>150k - <=200k
300,Foster,Keebler,ashtyn18@gltrrf.com,HighSchool,37,Male,No,basel-city,switzerland,>100k - <=150k
301,Miss,Bailee,djenkins@nalsci.com,Masters,29,Male,No,bavaria,germany,>50k - <=100k
302,Mr.,Allan,nikolaus.bart@email-temp.com,Undergraduate,39,Female,No,michigan,united states,>100k - <=150k
303,Mr.,Monty,crolfson@hotmail.red,PhD,23,Other,Yes,south carolina,united states,>200k
304,Marjolaine,Miller,cgislason@omdiaco.com,PhD,48,Female,No,virginia,united states,>150k - <=200k
305,Jalyn,Hermann,lyla99@crpotu.com,PhD,21,Male,Yes,district of columbia,united states,>150k - <=200k
306,Jamaal,Mayer,sauer.summer@jagomail.com,PhD,28,Other,Yes,california,united states,>50k - <=100k
307,Ms.,Fatima,eldon.barton@hasevo.com,HighSchool,39,Male,Yes,district of columbia,united states,>200k
308,Jonas,Mante,adams.kylie@luddo.me,HighSchool,27,Female,No,new york,united states,<=50k
309,Katrine,Botsford,bethel07@nugastore.com,Masters,25,Other,No,minnesota,united states,>200k
310,Cassidy,Nienow,letha79@kimachina.com,Masters,22,Other,No,uttar pradesh,india,>200k
311,Olaf,Prosacco,dandre11@nalsci.com,Masters,50,Male,No,new york,united states,>100k - <=150k
312,Mr.,Wilburn,craig.volkman@nugastore.com,PhD,21,Male,Yes,new york,united states,>200k
313,Kale,Spinka,kunde.walton@crpotu.com,Masters,27,Male,No,île-de-france,france,>50k - <=100k
314,Shaylee,Pollich,lang.iliana@hanzganteng.tk,PhD,27,Other,No,minnesota,united states,>200k
315,Ruben,Wiegand,jewell.schmidt@eetieg.com,Undergraduate,47,Other,No,new jersey,united states,>100k - <=150k
316,Robbie,Swaniawski,aubrey.rowe@mexcool.com,Masters,49,Male,Yes,georgia,united states,<=50k
317,Prof.,Verda,alexie.cormier@24mail.top,Masters,23,Other,No,georgia,united states,>50k - <=100k
318,Major,Jerde,nstiedemann@hasevo.com,Masters,37,Other,Yes,michigan,united states,>100k - <=150k
319,Germaine,Ortiz,gleichner.donav@rheiop.com,Undergraduate,32,Male,No,california,united states,>150k - <=200k
320,Susan,Kuvalis,wilderman.thora@rtfie.site,Masters,45,Male,Yes,california,united states,>200k
321,Carmen,Stoltenberg,swilderman@sharyndoll.com,Undergraduate,33,Male,No,california,united states,<=50k
322,Flo,Davis,durgan.austin@eluvit.com,PhD,42,Male,Yes,new york,united states,>150k - <=200k
323,Retta,Rodriguez,carlo49@pharmafactsforum.com,HighSchool,39,Female,No,illinois,united states,>200k
324,Obie,Kuvalis,harris.luciano@esenlee.com,PhD,48,Male,Yes,uttar pradesh,india,>200k
325,Maxine,Bernhard,izaiah58@isueir.com,Undergraduate,26,Female,No,guangdong,china,>200k
326,Troy,Keebler,anais66@yt-google.com,Undergraduate,36,Female,No,virginia,united states,>50k - <=100k
327,Ollie,Rowe,hilll.kitty@dluerei.com,Masters,49,Female,No,aquitaine,france,>100k - <=150k
328,Ambrose,Wilderman,nschiller@cheapnitros.com,Undergraduate,47,Female,Yes,new york,united states,>150k - <=200k
329,Earl,Rau,dariana10@onlinecmail.com,PhD,40,Male,No,illinois,united states,>50k - <=100k
330,Susan,Nicolas,brain.nitzsche@uioct.com,Undergraduate,46,Female,No,california,united states,>50k - <=100k
331,Agnes,Goyette,vprosacco@schule-breklum.de,Masters,29,Male,Yes,california,united states,>150k - <=200k
332,Stephon,Brakus,vhessel@eiibps.com,HighSchool,40,Female,Yes,keller williams realty,kw.com,>150k - <=200k
333,Manuela,Wyman,ismael94@uhpanel.com,HighSchool,30,Female,Yes,nordrhein-westfalen,germany,>150k - <=200k
334,Ian,Harris,ankunding.chels@uhpanel.com,Masters,34,Female,Yes,minnesota,united states,>200k
335,Miss,Catalina,skiles.mayra@eiibps.com,HighSchool,38,Other,Yes,île-de-france,france,>50k - <=100k
336,Mr.,Friedrich,hintz.kevon@hotmail.red,PhD,33,Other,Yes,district of columbia,united states,<=50k
337,Miss,Wilhelmine,arlo.willms@paiucil.com,Masters,45,Other,Yes,keller williams realty,kw.com,<=50k
338,Franz,Daniel,cody.ferry@cloudscredit.com,HighSchool,40,Male,No,guangdong,china,>100k - <=150k
339,Zelda,Schmitt,piper.ernser@pickuplanet.com,HighSchool,48,Female,Yes,dublin,ireland,>100k - <=150k
340,Charlene,Franecki,leannon.winfiel@uioct.com,Masters,38,Other,No,maryland,united states,>200k
341,Vidal,Stracke,homenick.ford@rheiop.com,Undergraduate,34,Female,No,new jersey,united states,>50k - <=100k
342,Nathen,Kiehn,oullrich@onlinecmail.com,Undergraduate,47,Male,No,nordrhein-westfalen,germany,>150k - <=200k
343,Lenna,Lesch,carole.bergstro@drstshop.com,Undergraduate,40,Female,Yes,texas,united states,<=50k
344,Loy,Wintheiser,maurine02@eiibps.com,PhD,47,Male,No,district of columbia,united states,<=50k
345,Kasey,Fay,jo.watsica@ffo.kr,HighSchool,41,Other,Yes,guangdong,china,>100k - <=150k
346,Prof.,Nolan,xjaskolski@hotmail.red,PhD,49,Female,Yes,greater london,united kingdom,>200k
347,Miss,Una,considine.hudso@budgermile.rest,HighSchool,40,Female,Yes,kentucky,united states,>200k
348,Waylon,Boyle,demetrius.funk@btcmod.com,PhD,31,Male,Yes,california,united states,>50k - <=100k
349,Carmelo,Bruen,loren.shanahan@dluerei.com,HighSchool,45,Female,No,texas,united states,>150k - <=200k
350,Dr.,Lillie,wschuster@kimachina.com,HighSchool,28,Other,Yes,lowe's companies,lowes.com,>200k
351,Virgie,Kuphal,weimann.otha@packiu.com,HighSchool,41,Other,Yes,bavaria,germany,>50k - <=100k
352,Lessie,Stehr,fweber@uioct.com,HighSchool,48,Male,Yes,aquitaine,france,>200k
353,Alexane,Hegmann,madalyn.becker@dluerei.com,Undergraduate,21,Female,No,maharashtra,india,>100k - <=150k
354,Ivy,Halvorson,marvin52@btcmod.com,HighSchool,31,Male,No,illinois,united states,>200k
355,Niko,Gusikowski,jaron89@ffo.kr,PhD,44,Other,No,connecticut,united states,<=50k
356,Roger,Nolan,hlangosh@rheiop.com,Masters,27,Other,No,ohio,united states,>100k - <=150k
357,Dr.,Magali,luettgen.domini@paiucil.com,PhD,33,Male,Yes,california,united states,>150k - <=200k
358,Alexa,Hane,dbailey@bedulsenpai.net,HighSchool,45,Male,Yes,georgia,united states,>150k - <=200k
359,Marianne,Torphy,myrtie19@schule-breklum.de,Undergraduate,37,Other,Yes,california,united states,>50k - <=100k
360,Eloise,Cole,bauch.billy@colevillecapital.com,PhD,32,Other,Yes,new jersey,united states,>150k - <=200k
361,Wilhelmine,Russel,ublock@emvil.com,Undergraduate,49,Other,Yes,guangdong,china,>150k - <=200k
362,Avis,Fay,alek.borer@eiibps.com,HighSchool,33,Male,Yes,bavaria,germany,>50k - <=100k
363,Saige,Schulist,ludwig48@schule-breklum.de,Masters,26,Male,Yes,hessen,germany,>200k
364,Pinkie,Johnston,ynolan@mailpluss.com,PhD,45,Male,No,new jersey,united states,>200k
365,Salma,Connelly,nicolette60@isueir.com,Undergraduate,24,Female,No,new york,united states,<=50k
366,Zoila,Bogisich,casper.kutch@24hinbox.com,HighSchool,37,Male,No,greater london,united kingdom,>200k
367,Keegan,Erdman,bauch.travon@isueir.com,Masters,22,Other,No,illinois,united states,>50k - <=100k
368,Susie,Jenkins,missouri.torphy@uioct.com,PhD,43,Female,Yes,turin,united kingdom,>50k - <=100k
369,Paolo,Rolfson,orval35@yt-google.com,PhD,48,Other,Yes,connecticut,united states,>150k - <=200k
370,Lurline,McDermott,bbrekke@hanzganteng.tk,HighSchool,27,Other,Yes,new york,united states,>50k - <=100k
371,Oma,Johnson,giles.conroy@sharyndoll.com,Undergraduate,34,Female,No,district of columbia,united states,>50k - <=100k
372,Bradley,Beier,hortense78@snapboosting.com,PhD,50,Male,No,basel-city,switzerland,>50k - <=100k
373,Alphonso,West,marks.alize@wpdork.com,Masters,26,Other,Yes,new york,united states,>100k - <=150k
374,Dr.,Jeramy,qhaag@gmailpro.gq,Masters,23,Male,No,minnesota,united states,>100k - <=150k
375,Augustus,Kling,amya29@boranora.com,HighSchool,48,Other,Yes,greater london,united kingdom,<=50k
376,Miss,Lolita,rippin.izabella@onlinecmail.com,Masters,42,Other,No,kentucky,united states,>50k - <=100k
377,Major,Waters,darrick.hoppe@optmails.xyz,Undergraduate,24,Female,No,illinois,united states,>50k - <=100k
378,Miss,Emmanuelle,oral.wiza@816qs.com,Masters,49,Other,Yes,new jersey,united states,>150k - <=200k
379,Miss,Hanna,tremayne61@ffo.kr,PhD,39,Other,No,new jersey,united states,>100k - <=150k
380,Verner,Jacobson,yupton@pickuplanet.com,HighSchool,26,Female,No,illinois,united states,>100k - <=150k
381,Freida,Schamberger,adrien34@gmailwe.com,Undergraduate,38,Male,Yes,greater london,united kingdom,<=50k
382,Sigurd,Buckridge,giovanny.rogahn@hotmail.red,HighSchool,41,Male,No,california,united states,>100k - <=150k
383,Mr.,Jasen,meaghan46@beinger.me,PhD,39,Male,Yes,district of columbia,united states,>50k - <=100k
384,Nick,Bechtelar,lucienne25@sharyndoll.com,Undergraduate,41,Other,No,california,united states,>150k - <=200k
385,Betty,Gutkowski,colten76@gmailpro.gq,Undergraduate,41,Other,No,ohio,united states,>150k - <=200k
386,Dr.,Dakota,kerluke.ida@beinger.me,Masters,35,Male,No,dublin,ireland,>150k - <=200k
387,Ceasar,Upton,upton.mark@eatneha.com,Masters,31,Other,Yes,lowe's companies,lowes.com,>200k
388,Emily,Feest,powlowski.beula@drstshop.com,Undergraduate,46,Other,No,new jersey,united states,<=50k
389,Kameron,Crist,sallie93@pickuplanet.com,Masters,29,Male,Yes,hillingdon,united kingdom,>150k - <=200k
390,Ms.,Rachel,tturner@pickuplanet.com,HighSchool,34,Female,No,new york,united states,<=50k
391,Maureen,Rau,jaycee.vonruede@sharyndoll.com,HighSchool,28,Male,No,karnataka,india,>100k - <=150k
392,Asa,Rippin,pboyle@eiibps.com,Undergraduate,35,Other,No,district of columbia,united states,>100k - <=150k
393,Dr.,Laverna,dietrich.lucas@gmailpro.gq,Masters,48,Male,No,kentucky,united states,>100k - <=150k
394,Prof.,Eveline,adrienne.bartol@devfiltr.com,HighSchool,47,Male,Yes,greater london,united kingdom,>100k - <=150k
395,Sophia,Altenwerth,oran21@ilrlb.com,Undergraduate,41,Other,No,massachusetts,united states,>150k - <=200k
396,Brett,Simonis,aledner@onlinecmail.com,PhD,36,Other,No,texas,united states,>150k - <=200k
397,Albertha,Macejkovic,schneider.winst@colevillecapital.com,Masters,38,Other,Yes,wisconsin,united states,>100k - <=150k
398,Prof.,Beau,dolly18@sharyndoll.com,Undergraduate,34,Male,No,île-de-france,france,>150k - <=200k
399,Ruben,O'Conner,yhodkiewicz@gmailwe.com,PhD,30,Female,Yes,texas,united states,>100k - <=150k
400,Dr.,Arnoldo,araynor@colevillecapital.com,HighSchool,49,Female,Yes,bavaria,germany,>200k
401,Marques,Gleason,amayer@villastream.xyz,Masters,27,Female,No,west berkshire,united kingdom,>50k - <=100k
402,Ms.,Delia,carolina79@azwes.site,PhD,27,Other,No,greater london,united kingdom,<=50k
403,Hillary,Dibbert,olowe@isueir.com,Masters,40,Other,Yes,ayatama energi,,>200k
404,Presley,Jaskolski,dewayne.hayes@onlinecmail.com,Undergraduate,30,Female,Yes,île-de-france,france,>100k - <=150k
405,Lonny,Nicolas,justina.witting@sauhasc.com,PhD,34,Male,Yes,new jersey,united states,>50k - <=100k
406,America,O'Kon,sylvan41@eatneha.com,Undergraduate,25,Female,Yes,guangdong,china,>150k - <=200k
407,Vernice,Jaskolski,mbernhard@gmailwe.com,HighSchool,21,Female,Yes,california,united states,>50k - <=100k
408,Kayden,Dietrich,lulu88@beinger.me,PhD,26,Female,Yes,uusimaa,finland,>200k
409,Jonathan,Mueller,jayde24@emlppt.com,HighSchool,45,Female,No,california,united states,>100k - <=150k
410,Bret,Berge,bo23@antawii.com,HighSchool,22,Female,Yes,maharashtra,india,>50k - <=100k
411,Brock,Bashirian,tillman.vince@ffo.kr,HighSchool,29,Female,Yes,west berkshire,united kingdom,>50k - <=100k
412,Emie,Heller,esta.runte@eiibps.com,Undergraduate,29,Female,Yes,new jersey,united states,<=50k
413,Johnathan,Lemke,labadie.royal@devfiltr.com,Undergraduate,31,Female,No,district of columbia,united states,>200k
414,Noe,Murphy,peter09@cloudscredit.com,HighSchool,36,Male,No,district of columbia,united states,>200k
415,Mr.,Brady,audrey.fisher@isueir.com,PhD,46,Male,No,massachusetts,united states,>50k - <=100k
416,Marcelle,Predovic,doyle.emmalee@eiibps.com,Undergraduate,33,Female,No,île-de-france,france,>50k - <=100k
417,Valentin,Okuneva,rath.noelia@rheiop.com,Masters,28,Male,No,uusimaa,finland,>150k - <=200k
418,Prof.,Jettie,meredith.hilll@hungta2.com,HighSchool,26,Other,Yes,guangdong,china,>100k - <=150k
419,Brisa,Stroman,princess.bayer@sharyndoll.com,Undergraduate,34,Other,No,karnataka,india,>100k - <=150k
420,Mr.,Mustafa,ralph58@emlppt.com,Masters,21,Female,Yes,texas,united states,>50k - <=100k
421,Rudy,Beer,douglas.koelpin@crpotu.com,HighSchool,42,Female,No,hillingdon,united kingdom,>200k
422,Ricky,Lang,asha83@beinger.me,PhD,46,Male,No,new york,united states,>100k - <=150k
423,German,Cronin,myrtice.kovacek@playfunplus.com,Masters,45,Male,No,california,united states,>200k
424,Brown,Rosenbaum,angel50@dmxs8.com,Masters,35,Other,Yes,illinois,united states,>200k
425,Filiberto,Wintheiser,blanda.mikel@greendike.com,Undergraduate,30,Female,No,keller williams realty,kw.com,>200k
426,Stanley,Lowe,foster.klein@beinger.me,Undergraduate,48,Female,No,karnataka,india,>200k
427,Mr.,Jarod,ayden.bednar@ecallen.com,HighSchool,36,Female,No,basel-city,switzerland,>50k - <=100k
428,Mrs.,Kayla,kane33@villastream.xyz,Masters,47,Female,Yes,zurich,switzerland,>200k
429,Douglas,Fisher,yrohan@yt-google.com,Undergraduate,45,Other,No,new jersey,united states,>100k - <=150k
430,Pierce,Hermiston,koss.torrey@omdlism.com,HighSchool,47,Other,No,nordrhein-westfalen,germany,>150k - <=200k
431,Dr.,Cristopher,ruben.keeling@emvil.com,PhD,40,Female,No,washington,united states,>150k - <=200k
432,Audra,Harvey,waelchi.ole@hcfmgsrp.com,Masters,37,Male,No,new york,united states,>50k - <=100k
433,Luigi,Ryan,cassin.freda@isueir.com,PhD,27,Male,Yes,île-de-france,france,>100k - <=150k
434,Prof.,Frankie,jess.becker@rheiop.com,HighSchool,50,Male,No,california,united states,>200k
435,Agustina,Larkin,bednar.laurence@ibnlolpla.com,Masters,44,Female,Yes,île-de-france,france,>150k - <=200k
436,Mr.,Chauncey,adelbert29@sauhasc.com,Masters,34,Female,Yes,district of columbia,united states,>200k
437,Sebastian,Tillman,jameson.ratke@debb.me,HighSchool,45,Female,No,île-de-france,france,>100k - <=150k
438,Mrs.,Harmony,swill@paiucil.com,Masters,23,Female,No,minnesota,united states,>150k - <=200k
439,Mrs.,Jazmyne,nyasia52@ilrlb.com,PhD,39,Other,No,district of columbia,united states,>50k - <=100k
440,Jordan,Bode,nullrich@eatneha.com,Undergraduate,30,Other,No,nordrhein-westfalen,germany,<=50k
441,Dr.,Florida,stephen34@packiu.com,PhD,32,Male,Yes,new york,united states,>200k
442,Evan,Thompson,marielle.goodwi@msotln.com,HighSchool,23,Male,Yes,california,united states,>100k - <=150k
443,Jamel,Kilback,stark.sonya@outlook.sbs,Undergraduate,23,Female,No,michigan,united states,>150k - <=200k
444,Adele,Langworth,chaya59@uhpanel.com,Masters,49,Other,No,new jersey,united states,>150k - <=200k
445,Abbey,Weimann,medhurst.consta@ecallen.com,Undergraduate,39,Male,Yes,île-de-france,france,>200k
446,Jamaal,Heller,jerry.dietrich@isueir.com,HighSchool,34,Female,Yes,keller williams realty,kw.com,>200k
447,Ms.,Burdette,lela.rogahn@eatneha.com,PhD,48,Male,Yes,california,united states,<=50k
448,Lurline,Romaguera,ratke.cletus@sauhasc.com,Undergraduate,30,Other,Yes,illinois,united states,>150k - <=200k
449,Dr.,Bessie,kmohr@txtee.site,HighSchool,44,Other,Yes,greater london,united kingdom,>200k
450,Afton,Reilly,halvorson.matil@eatneha.com,Masters,23,Female,Yes,california,united states,>200k
451,Newell,Mueller,fmarvin@rheiop.com,PhD,34,Other,Yes,greater london,united kingdom,>200k
452,Ayla,Satterfield,awiegand@eiibps.com,PhD,42,Male,No,zurich,switzerland,>200k
453,Alysson,Blick,johnson.arely@boranora.com,HighSchool,33,Male,Yes,connecticut,united states,<=50k
454,Adah,Kilback,glynch@sharyndoll.com,HighSchool,27,Female,Yes,nordrhein-westfalen,germany,<=50k
455,Amelie,Hand,cindy15@msotln.com,HighSchool,22,Other,No,new jersey,united states,<=50k
456,Mrs.,Bryana,clifford74@outlook.sbs,Masters,22,Other,Yes,california,united states,>200k
457,Dylan,Simonis,freda09@msotln.com,Undergraduate,44,Male,Yes,district of columbia,united states,>100k - <=150k
458,Miss,Alysha,walsh.margie@soju.buzz,HighSchool,45,Male,Yes,minnesota,united states,>200k
459,Willy,Denesik,frami.nathan@emlppt.com,HighSchool,21,Female,No,california,united states,>50k - <=100k
460,Teresa,O'Conner,norma.sawayn@uioct.com,PhD,44,Female,Yes,uusimaa,finland,>150k - <=200k
461,Dominic,Reinger,koelpin.abigale@crpotu.com,Undergraduate,40,Male,No,district of columbia,united states,>200k
462,Mr.,Macey,leon.durgan@crpotu.com,PhD,27,Male,Yes,texas,united states,>200k
463,Jaycee,Kulas,tpacocha@ifrghee.com,Masters,46,Other,No,new jersey,united states,<=50k
464,Bette,McLaughlin,bertha.ritchie@drstshop.com,HighSchool,36,Female,Yes,california,united states,>200k
465,Tommie,Leannon,nelda79@outlook.sbs,Masters,48,Other,Yes,ohio,united states,>200k
466,Winona,Ernser,mercedes07@yt-google.com,Undergraduate,35,Male,No,south carolina,united states,>100k - <=150k
467,Dr.,Elfrieda,collins.milan@uioct.com,HighSchool,35,Female,No,île-de-france,france,>150k - <=200k
468,Berneice,Collier,peter52@yt-google.com,Undergraduate,46,Other,No,illinois,united states,>200k
469,Kadin,Hermann,burley.trantow@unambiguous.net,HighSchool,48,Male,Yes,california,united states,>50k - <=100k
470,Mrs.,Kailey,orion.reynolds@debb.me,Masters,47,Other,Yes,new york,united states,>200k
471,Dion,Ward,eduardo.walker@sauhasc.com,Masters,30,Female,Yes,vaud,switzerland,>200k
472,Kade,Bailey,green.swift@uioct.com,HighSchool,31,Male,Yes,maharashtra,india,>150k - <=200k
473,Alaina,Hoeger,labbott@antawii.com,Masters,39,Other,Yes,basel-city,switzerland,<=50k
474,Prof.,Una,armani44@ecallen.com,PhD,37,Female,No,greater london,united kingdom,<=50k
475,Rodolfo,Collier,verona12@eetieg.com,Undergraduate,48,Female,Yes,île-de-france,france,<=50k
476,Prof.,Esta,kschimmel@outlook.sbs,Undergraduate,48,Male,Yes,zurich,switzerland,>100k - <=150k
477,Dr.,Virgie,wilhelmine.damo@eatneha.com,HighSchool,49,Other,No,illinois,united states,>150k - <=200k
478,Eve,Hegmann,elinor.bergstro@colevillecapital.com,Undergraduate,39,Male,No,lowe's companies,lowes.com,>50k - <=100k
479,Cleveland,Stiedemann,ervin88@freeallapp.com,HighSchool,42,Female,No,illinois,united states,>200k
480,Allison,Cruickshank,wbrown@ibnlolpla.com,Masters,35,Female,No,california,united states,>150k - <=200k
481,Jackeline,Ebert,salma.friesen@papakiung.com,PhD,21,Female,Yes,new york,united states,>50k - <=100k
482,Dorris,Auer,asia60@dmxs8.com,Undergraduate,46,Male,No,illinois,united states,<=50k
483,Mr.,Lorenz,udaugherty@gmailvn.xyz,Undergraduate,36,Male,Yes,massachusetts,united states,>50k - <=100k
484,Jayde,Buckridge,von.cynthia@schule-breklum.de,Undergraduate,50,Male,No,new york,united states,>150k - <=200k
485,Mrs.,Kari,isaias.lueilwit@boranora.com,Undergraduate,29,Male,No,lowe's companies,lowes.com,<=50k
486,Edyth,Stoltenberg,jarrett.kessler@cheesethecakerecipes.com,Undergraduate,47,Male,No,district of columbia,united states,<=50k
487,Layla,Auer,forest.schmitt@mochaphotograph.com,Masters,25,Male,No,california,united states,<=50k
488,Dr.,Raul,tcrona@isueir.com,Undergraduate,22,Female,No,ohio,united states,>100k - <=150k
489,Coralie,Weimann,okutch@rheiop.com,Masters,40,Other,No,california,united states,<=50k
490,Jedidiah,Williamson,lura58@onlinecmail.com,PhD,28,Other,Yes,california,united states,>150k - <=200k
491,Dr.,Zackary,hollis94@uhpanel.com,Masters,32,Female,No,california,united states,>200k
492,Ms.,Alysa,cstroman@hcfmgsrp.com,Undergraduate,41,Other,No,île-de-france,france,<=50k
493,Marcia,Wisoky,hollie46@soju.buzz,Undergraduate,33,Other,No,new jersey,united states,>50k - <=100k
494,Mr.,Mohamed,von.travis@uioct.com,PhD,26,Other,No,new york,united states,>100k - <=150k
495,Mr.,Kian,willie84@playfunplus.com,PhD,21,Male,Yes,district of columbia,united states,>50k - <=100k
496,Everett,Reinger,jena.stark@ffo.kr,Masters,48,Male,Yes,greater london,united kingdom,>200k
497,Mr.,Oran,bailey.claudia@ffo.kr,Masters,29,Other,No,illinois,united states,>200k
498,Ernie,Kshlerin,mwalsh@isueir.com,PhD,45,Male,Yes,california,united states,>150k - <=200k
499,Magali,Murazik,kirlin.brice@pickuplanet.com,PhD,49,Male,Yes,minnesota,united states,>100k - <=150k
500,Mr.,Barton,tianna.kulas@drstshop.com,HighSchool,32,Female,Yes,uttar pradesh,india,>100k - <=150k
501,Cicero,Rippin,iconroy@rheiop.com,Masters,34,Other,Yes,michigan,united states,>150k - <=200k
502,Wilfred,Zieme,evie43@underdosejkt.org,Masters,38,Other,No,massachusetts,united states,>200k
503,Dr.,Courtney,ofelia59@txtee.site,HighSchool,50,Other,Yes,new york,united states,>200k
504,Autumn,Hartmann,rthompson@txtee.site,HighSchool,43,Other,Yes,karnataka,india,>100k - <=150k
505,Nakia,Oberbrunner,lcruickshank@debb.me,PhD,26,Other,Yes,new york,united states,>100k - <=150k
506,Carson,Witting,marley.bruen@wpdork.com,Undergraduate,29,Other,Yes,vaud,switzerland,<=50k
507,Ms.,Ada,michael74@ffgrn.com,HighSchool,29,Other,Yes,new york,united states,>150k - <=200k
508,Brent,Gorczany,wallace16@antawii.com,Undergraduate,27,Female,Yes,new jersey,united states,>150k - <=200k
509,Louie,Hermann,treutel.julius@bai47.com,PhD,44,Male,No,new york,united states,>50k - <=100k
510,Kirstin,Greenfelder,labshire@cuendita.com,Undergraduate,45,Male,Yes,new york,united states,<=50k
511,Dr.,Rebecca,lynn.smitham@sharyndoll.com,HighSchool,30,Male,No,new york,united states,>200k
512,Deshaun,Gaylord,uwelch@emlppt.com,HighSchool,44,Female,No,new york,united states,>50k - <=100k
513,Una,Wisoky,dawson58@24mail.top,PhD,43,Other,Yes,greater london,united kingdom,>100k - <=150k
514,Prof.,Grace,qmraz@isueir.com,Undergraduate,50,Other,Yes,virginia,united states,>50k - <=100k
515,Sigmund,Klocko,johnson.bryana@mailpluss.com,PhD,23,Male,Yes,illinois,united states,>150k - <=200k
516,Baylee,Pacocha,igottlieb@debb.me,HighSchool,44,Female,No,california,united states,>200k
517,Breanna,Bartoletti,icorkery@silnmy.com,HighSchool,32,Male,Yes,ayatama energi,,>50k - <=100k
518,Nelson,Mayer,fmurray@ffgrn.com,Masters,35,Male,Yes,georgia,united states,>200k
519,Lupe,Armstrong,alf25@msotln.com,PhD,48,Male,Yes,aquitaine,france,>150k - <=200k
520,Mrs.,Joelle,dickinson.chane@mailpluss.com,Masters,50,Female,Yes,bavaria,germany,>200k
521,Guy,Sauer,ziemann.palma@crpotu.com,HighSchool,29,Female,Yes,illinois,united states,>150k - <=200k
522,Dr.,Dillon,olindgren@hotmail.red,HighSchool,22,Male,Yes,hillingdon,united kingdom,>100k - <=150k
523,Miss,Caitlyn,wanda24@boranora.com,PhD,39,Male,Yes,karnataka,india,>200k
524,Dr.,Emerson,darren85@ffgrn.com,Masters,46,Female,Yes,new york,united states,>200k
525,Miss,Ofelia,lonzo.beier@boranora.com,HighSchool,39,Female,Yes,texas,united states,>200k
526,Miss,Selina,sanford.timmoth@pickuplanet.com,Masters,36,Other,Yes,île-de-france,france,>100k - <=150k
527,Prof.,Lukas,will.hyman@filevino.com,Masters,23,Male,Yes,district of columbia,united states,>150k - <=200k
528,Afton,Witting,michelle84@hotmail.red,Masters,47,Male,Yes,minnesota,united states,>150k - <=200k
529,Miss,Eulah,tschneider@filevino.com,PhD,21,Female,No,vaud,switzerland,>200k
530,Roscoe,Gerlach,dreilly@icnwte.com,PhD,31,Female,No,zuid-holland,netherlands,>200k
531,Donna,Tremblay,olson.armando@ezybarber.com,Masters,25,Female,Yes,minnesota,united states,>100k - <=150k
532,Blake,Kuhn,carolyn.rosenba@eiibps.com,Masters,32,Male,Yes,california,united states,>150k - <=200k
533,Aracely,Kessler,keon.nikolaus@tubidu.com,Masters,21,Female,No,michigan,united states,>150k - <=200k
534,Josiah,Block,anita59@devfiltr.com,PhD,44,Male,Yes,maryland,united states,>150k - <=200k
535,Benton,Willms,raymundo99@guitarsxltd.com,HighSchool,46,Female,Yes,texas,united states,>200k
536,David,Swift,imayer@txtee.site,PhD,49,Male,Yes,massachusetts,united states,>100k - <=150k
537,Novella,Beatty,wintheiser.gabr@filevino.com,HighSchool,31,Other,Yes,new york,united states,>150k - <=200k
538,Mrs.,Susanna,armando.beier@sauhasc.com,Undergraduate,21,Male,Yes,île-de-france,france,>50k - <=100k
539,Mireille,Kulas,pagac.nolan@o0i.es,PhD,45,Male,No,new york,united states,>50k - <=100k
540,Dr.,Jarrod,bcremin@ilrlb.com,PhD,37,Male,Yes,dublin,ireland,>150k - <=200k
541,Leonardo,Brekke,maryjane20@ttmgss.com,HighSchool,25,Other,No,new jersey,united states,<=50k
542,Sanford,Weber,bashirian.arnol@victorysvg.com,HighSchool,34,Female,No,île-de-france,france,>50k - <=100k
543,Miss,Tyra,emmett01@eiibps.com,PhD,41,Female,No,new york,united states,>100k - <=150k
544,Nathen,Reichel,freddy.kling@pickuplanet.com,Masters,36,Female,Yes,new jersey,united states,>50k - <=100k
545,Miss,Mina,hheathcote@oymuloe.com,Undergraduate,50,Male,No,virginia,united states,>100k - <=150k
546,Beverly,Haley,felipa87@luddo.me,Undergraduate,42,Male,Yes,minnesota,united states,>100k - <=150k
547,Dr.,Marc,jordyn.donnelly@gmailvn.net,Undergraduate,31,Female,No,california,united states,>150k - <=200k
548,Graciela,Von,murazik.kurt@ucyeh.com,PhD,35,Other,No,hillingdon,united kingdom,>150k - <=200k
549,Mrs.,Makenzie,schuyler.huels@alvinneo.com,Undergraduate,39,Other,Yes,michigan,united states,<=50k
550,Mr.,Thaddeus,okunze@bizimalem-support.de,HighSchool,31,Male,No,dublin,ireland,>200k
551,Christine,Stokes,bosco.elijah@freeallapp.com,Masters,43,Other,No,new jersey,united states,>100k - <=150k
552,Gunnar,Kshlerin,crona.daphnee@icnwte.com,PhD,33,Male,No,vaud,switzerland,>50k - <=100k
553,Ms.,Katrine,jamar.lakin@drstshop.com,HighSchool,21,Other,Yes,zurich,switzerland,>50k - <=100k
554,Mrs.,Cleora,wgottlieb@golviagens.com,Masters,37,Male,No,île-de-france,france,<=50k
555,Libbie,Lueilwitz,lon16@luddo.me,Masters,49,Male,No,minnesota,united states,>50k - <=100k
556,Mrs.,Zelda,deion.ankunding@ilrlb.com,HighSchool,39,Male,No,new york,united states,<=50k
557,Lue,Rice,twisozk@recordar.site,HighSchool,47,Female,No,new york,united states,>50k - <=100k
558,Joaquin,Kilback,barbara51@freeallapp.com,Undergraduate,40,Female,No,new jersey,united states,>50k - <=100k
559,Dr.,London,mcclure.sabina@ucyeh.com,HighSchool,28,Female,No,texas,united states,>200k
560,Samara,Lindgren,xkuhic@24mail.top,PhD,27,Female,Yes,île-de-france,france,>100k - <=150k
561,Trenton,Harris,toy.luigi@ffo.kr,Masters,44,Male,Yes,new york,united states,<=50k
562,Dortha,Okuneva,torphy.kameron@adaov.com,HighSchool,44,Male,No,new york,united states,>50k - <=100k
563,Dr.,Giles,lucile.thiel@hisukamie.com,PhD,26,Female,Yes,connecticut,united states,>150k - <=200k
564,Giovanni,Franecki,ereichel@guitarsxltd.com,HighSchool,33,Male,Yes,maharashtra,india,>200k
565,Prof.,Gerhard,noel36@24hinbox.com,Masters,28,Male,Yes,illinois,united states,<=50k
566,Lenora,Christiansen,crist.tyrel@ilrlb.com,HighSchool,49,Other,No,basel-city,switzerland,<=50k
567,Gordon,Murphy,dhoppe@cheapnitros.com,PhD,45,Other,Yes,california,united states,>100k - <=150k
568,Jonatan,Beer,pollich.ryleigh@cuendita.com,HighSchool,41,Other,Yes,california,united states,>50k - <=100k
569,Giovanna,Schuster,casimir.jerde@recordar.site,Masters,24,Other,Yes,minnesota,united states,>100k - <=150k
570,Dr.,Willard,theo.baumbach@ilrlb.com,PhD,40,Male,No,california,united states,>150k - <=200k
571,Dr.,Macey,kirlin.delphine@oymuloe.com,Masters,46,Female,Yes,california,united states,>150k - <=200k
572,Prof.,Gordon,clay43@ffo.kr,HighSchool,44,Other,No,california,united states,>100k - <=150k
573,Quinn,Wiegand,carrie.windler@guitarsxltd.com,Masters,28,Male,Yes,virginia,united states,>200k
574,Valentina,Haag,trystan04@txtee.site,PhD,28,Male,Yes,guangdong,china,>100k - <=150k
575,Mrs.,Joana,justyn62@eiibps.com,HighSchool,23,Other,No,vaud,switzerland,>100k - <=150k
576,Kraig,Klocko,mclaughlin.gia@unambiguous.net,Undergraduate,25,Female,No,lowe's companies,lowes.com,<=50k
577,Mr.,Heber,willard06@sharyndoll.com,PhD,21,Other,No,california,united states,>50k - <=100k
578,Prof.,Verona,nina.ruecker@crpotu.com,Masters,45,Male,Yes,massachusetts,united states,>100k - <=150k
579,Mariah,Koss,bcorwin@msotln.com,Undergraduate,49,Male,No,new york,united states,>50k - <=100k
580,Mohammad,Prohaska,eldred45@24mail.top,PhD,38,Male,Yes,new jersey,united states,>150k - <=200k
581,Paxton,Botsford,georgette67@emlppt.com,Masters,43,Other,No,greater london,united kingdom,>100k - <=150k
582,Mr.,Darren,nstiedemann@hisukamie.com,HighSchool,29,Other,No,illinois,united states,>150k - <=200k
583,Nestor,Brown,dereck.prohaska@hisukamie.com,PhD,30,Other,No,keller williams realty,kw.com,>100k - <=150k
584,Itzel,Mills,kelli46@isueir.com,Undergraduate,37,Male,No,minnesota,united states,>50k - <=100k
585,Dr.,Brooklyn,lowell74@mexcool.com,PhD,23,Male,No,california,united states,>150k - <=200k
586,Walton,Keebler,etromp@ectong.xyz,Undergraduate,40,Other,No,texas,united states,>150k - <=200k
587,Elmira,Braun,kveum@gkqil.com,PhD,40,Female,No,west berkshire,united kingdom,>50k - <=100k
588,Dr.,Daija,cielo.johnston@emkunchi.com,Masters,29,Male,No,district of columbia,united states,<=50k
589,Chaz,Considine,alexandrea.jaku@ebarg.net,PhD,29,Female,No,maryland,united states,>100k - <=150k
590,Prof.,Effie,janick.keeling@emkunchi.com,HighSchool,36,Female,Yes,new york,united states,<=50k
591,Kelley,Erdman,demarco52@boranora.com,Undergraduate,46,Female,Yes,ayatama energi,,>100k - <=150k
592,Ethel,Ward,vjast@cheapnitros.com,PhD,37,Other,Yes,new york,united states,<=50k
593,Ms.,Kaylah,azieme@golviagens.com,HighSchool,39,Other,No,california,united states,>100k - <=150k
594,Mr.,Geoffrey,udooley@guitarsxltd.com,HighSchool,48,Female,No,massachusetts,united states,<=50k
595,Vilma,Klocko,wschmeler@aiuepd.com,PhD,43,Male,Yes,keller williams realty,kw.com,>200k
596,Lawson,Bradtke,neoma19@boranora.com,Masters,23,Other,No,california,united states,>200k
597,Prof.,Creola,anitzsche@picsviral.net,Undergraduate,29,Other,Yes,île-de-france,france,>150k - <=200k
598,Virgie,Koelpin,xlindgren@paiucil.com,PhD,33,Male,No,new york,united states,<=50k
599,Dolly,Bins,johan13@emvil.com,Undergraduate,35,Female,No,south carolina,united states,>150k - <=200k
600,Izaiah,Stoltenberg,marge.mills@gkqil.com,Undergraduate,49,Other,Yes,massachusetts,united states,>100k - <=150k
601,Nora,Boyer,schowalter.tier@adaov.com,PhD,35,Female,No,california,united states,>150k - <=200k
602,Dawson,Frami,nraynor@vireonidae.com,Undergraduate,27,Other,Yes,île-de-france,france,>200k
603,Lindsey,Koch,eula25@chantellegribbon.com,PhD,49,Other,Yes,virginia,united states,>50k - <=100k
604,Stephon,Kshlerin,jevon.mitchell@bizimalem-support.de,HighSchool,40,Male,No,washington,united states,>150k - <=200k
605,Guillermo,Skiles,yost.josue@otlaecc.com,HighSchool,38,Other,No,uttar pradesh,india,>200k
606,Mathew,Rogahn,dibbert.layne@cheapnitros.com,PhD,25,Other,Yes,uusimaa,finland,<=50k
607,Prof.,Lisette,rolfson.isabell@ebarg.net,HighSchool,42,Female,No,minnesota,united states,>200k
608,Eddie,Sawayn,kelli94@snapboosting.com,HighSchool,22,Male,Yes,nordrhein-westfalen,germany,>150k - <=200k
609,Dr.,Quentin,hills.jany@24mail.top,PhD,25,Male,No,île-de-france,france,>100k - <=150k
610,Ms.,Brigitte,jasmin95@cloudscredit.com,PhD,46,Female,Yes,ayatama energi,,<=50k
611,Trisha,Balistreri,runte.cordie@vireonidae.com,Masters,50,Female,Yes,illinois,united states,>150k - <=200k
612,Cassidy,Hodkiewicz,abailey@ezybarber.com,Undergraduate,34,Male,No,uttar pradesh,india,>150k - <=200k
613,Mrs.,Reina,joel80@silnmy.com,Masters,27,Male,Yes,maharashtra,india,>150k - <=200k
614,Prof.,Lawson,elta.reichel@alvinneo.com,HighSchool,27,Male,No,california,united states,>150k - <=200k
615,Dorcas,Kirlin,vernie76@eeetivsc.com,Undergraduate,38,Male,Yes,illinois,united states,>50k - <=100k
616,Prof.,Rosamond,treva75@bizimalem-support.de,HighSchool,28,Male,No,wisconsin,united states,>200k
617,Carolyn,Blick,nader.octavia@omdiaco.com,Undergraduate,22,Other,Yes,illinois,united states,>50k - <=100k
618,Miss,Vida,mayer.lizzie@paiucil.com,Undergraduate,28,Female,No,minnesota,united states,>50k - <=100k
619,Mr.,Osbaldo,fkihn@soju.buzz,Masters,39,Female,Yes,hillingdon,united kingdom,<=50k
620,Seamus,Moore,gutmann.yvonne@packiu.com,Masters,40,Female,No,virginia,united states,>100k - <=150k
621,Broderick,Runte,ubrekke@colevillecapital.com,PhD,49,Other,No,illinois,united states,>200k
622,Delphia,Hoeger,qkiehn@alvinneo.com,HighSchool,38,Male,No,california,united states,>200k
623,Miss,Arlene,imueller@ebarg.net,Masters,40,Other,No,illinois,united states,>200k
624,Mr.,Coty,krunolfsson@chantellegribbon.com,Masters,38,Female,No,maharashtra,india,>100k - <=150k
625,Shania,Larson,timmothy05@adaov.com,Masters,36,Female,Yes,keller williams realty,kw.com,>150k - <=200k
626,Agustin,Dare,sokeefe@cheapnitros.com,Masters,50,Male,No,ayatama energi,,<=50k
627,Mr.,Nikko,amely09@omdiaco.com,Undergraduate,24,Other,Yes,california,united states,>50k - <=100k
628,Ashley,Schinner,lebsack.dana@ilrlb.com,Masters,23,Female,Yes,maharashtra,india,>50k - <=100k
629,Sheridan,Barrows,sprice@bizimalem-support.de,Masters,28,Other,No,south carolina,united states,<=50k
630,Benny,Boehm,davonte81@omdiaco.com,HighSchool,25,Male,No,wisconsin,united states,>150k - <=200k
631,Prof.,Jimmy,bgerlach@bizimalem-support.de,Masters,26,Other,Yes,california,united states,>50k - <=100k
632,Mr.,Arnulfo,susanna21@tigo.tk,PhD,26,Other,Yes,maharashtra,india,>100k - <=150k
633,Adell,O'Reilly,qherzog@uioct.com,Masters,45,Male,Yes,georgia,united states,>200k
634,Coleman,Cassin,ejacobson@adaov.com,Masters,23,Female,No,illinois,united states,<=50k
635,Prof.,Piper,warren85@snapboosting.com,PhD,37,Female,No,illinois,united states,>50k - <=100k
636,Candida,Murray,kub.maribel@emvil.com,HighSchool,43,Male,Yes,ohio,united states,<=50k
637,Camren,Torp,lauretta13@eeetivsc.com,Undergraduate,24,Other,Yes,maharashtra,india,>150k - <=200k
638,Aletha,Greenholt,jerde.ardith@antawii.com,Masters,21,Female,No,ohio,united states,>200k
639,Aubrey,Maggio,coty77@uioct.com,Undergraduate,41,Male,No,minnesota,united states,>200k
640,Mrs.,Eva,rbechtelar@cuendita.com,PhD,40,Other,No,new york,united states,<=50k
641,Dr.,Garrick,rjacobi@btcmod.com,PhD,24,Female,No,california,united states,>150k - <=200k
642,Lysanne,Glover,mupton@freeallapp.com,PhD,47,Other,Yes,minnesota,united states,>100k - <=150k
643,Fernando,Hartmann,quentin14@antawii.com,Masters,32,Other,No,north carolina,united states,>150k - <=200k
644,Mr.,Gene,keeley.okon@imaanpharmacy.com,PhD,28,Female,Yes,maharashtra,india,>100k - <=150k
645,Jerome,Ullrich,giovani62@perirh.com,PhD,33,Other,No,ontario,canada,>50k - <=100k
646,Dr.,Taurean,trantow.abbey@picsviral.net,Undergraduate,34,Other,No,michigan,united states,>50k - <=100k
647,Mertie,Goldner,taufderhar@dmxs8.com,Masters,27,Other,No,virginia,united states,>150k - <=200k
648,Tyra,Schinner,laney35@chantellegribbon.com,PhD,26,Other,No,california,united states,<=50k
649,Edythe,Toy,cecelia42@debb.me,HighSchool,49,Female,No,new york,united states,>200k
650,Jeremie,Kunde,milton51@paiucil.com,Undergraduate,34,Female,No,vaud,switzerland,>150k - <=200k
651,Colleen,Little,allen55@cheapnitros.com,PhD,27,Other,Yes,california,united states,>50k - <=100k
652,Megane,Abbott,ruecker.cara@debb.me,Undergraduate,42,Other,No,district of columbia,united states,<=50k
653,Merle,Moen,huels.rosanna@unambiguous.net,PhD,39,Other,Yes,california,united states,>200k
654,Cloyd,Krajcik,juana.erdman@boranora.com,Undergraduate,32,Other,Yes,île-de-france,france,>50k - <=100k
655,Casey,Labadie,wisozk.abigale@somecringe.ml,HighSchool,21,Female,No,california,united states,>100k - <=150k
656,Miss,Savannah,mmoore@pickuplanet.com,Undergraduate,40,Female,No,texas,united states,<=50k
657,Sebastian,Hauck,johnpaul50@nwhsii.com,Masters,38,Female,Yes,illinois,united states,>100k - <=150k
658,Demetris,Hand,scot53@bizimalem-support.de,HighSchool,47,Male,No,wisconsin,united states,>100k - <=150k
659,Reginald,Cassin,qabbott@golviagens.com,HighSchool,33,Female,Yes,uttar pradesh,india,>100k - <=150k
660,Carrie,Block,sabryna17@btcmod.com,HighSchool,33,Male,No,new jersey,united states,>150k - <=200k
661,Jennie,Torp,lilyan44@eetieg.com,PhD,22,Other,No,california,united states,<=50k
662,Edmond,Kub,darwin25@scdhn.com,Undergraduate,45,Other,Yes,karnataka,india,<=50k
663,Dr.,Olen,nhudson@golviagens.com,Masters,30,Other,No,zurich,switzerland,>200k
664,Prof.,Sandrine,tlittel@guitarsxltd.com,PhD,36,Male,No,new jersey,united states,>100k - <=150k
665,Allene,Goyette,effertz.rubie@asifboot.com,Undergraduate,34,Female,Yes,california,united states,>200k
666,Mr.,Karson,ludwig98@bizimalem-support.de,PhD,43,Female,Yes,washington,united states,>200k
667,Miss,Elise,mathias.rolfson@24hinbox.com,Undergraduate,29,Other,No,new jersey,united states,>150k - <=200k
668,Ms.,Chanel,damian58@golviagens.com,Undergraduate,36,Female,No,basel-city,switzerland,>200k
669,Duane,Stroman,fannie83@ancreator.com,Undergraduate,46,Male,No,uusimaa,finland,>200k
670,Addie,Hansen,derrick54@aosdeag.com,Undergraduate,49,Other,Yes,vaud,switzerland,<=50k
671,Loy,Fisher,granville92@bizimalem-support.de,HighSchool,39,Other,No,surrey,united kingdom,<=50k
672,Dashawn,Conn,lulu.harris@24hinbox.com,HighSchool,26,Other,No,minnesota,united states,>50k - <=100k
673,Eula,Volkman,garrick.hoeger@chantellegribbon.com,HighSchool,33,Male,No,maharashtra,india,>100k - <=150k
674,Trisha,Pagac,kovacek.sherwoo@eeetivsc.com,Undergraduate,47,Male,Yes,nordrhein-westfalen,germany,>50k - <=100k
675,Roma,Hintz,stehr.raphael@guitarsxltd.com,PhD,32,Other,No,illinois,united states,<=50k
676,Winfield,Beahan,annabel.raynor@24hinbox.com,Undergraduate,23,Male,Yes,île-de-france,france,>200k
677,Leola,Tillman,mckenzie.chadri@drstshop.com,PhD,39,Female,Yes,uttar pradesh,india,>100k - <=150k
678,Toney,Heathcote,ardella13@mamasuna.com,HighSchool,24,Female,No,greater london,united kingdom,>150k - <=200k
679,Beaulah,Schoen,annabelle99@perirh.com,Masters,49,Other,Yes,illinois,united states,<=50k
680,Makayla,Marks,kovacek.kathryn@soju.buzz,PhD,23,Female,No,new york,united states,>150k - <=200k
681,Hassie,Wilkinson,jaden.streich@mexcool.com,PhD,39,Female,Yes,connecticut,united states,<=50k
682,Mrs.,Ayla,reese93@debb.me,Masters,25,Other,Yes,california,united states,>100k - <=150k
683,Kristofer,Feest,kathleen91@txtee.site,PhD,21,Female,Yes,connecticut,united states,>150k - <=200k
684,Johan,Russel,johnson.maxie@eeetivsc.com,HighSchool,47,Female,Yes,new york,united states,<=50k
685,Britney,Price,bschaden@cloudscredit.com,PhD,26,Male,Yes,michigan,united states,<=50k
686,Kody,Emard,reynolds.lisand@packiu.com,PhD,34,Male,Yes,karnataka,india,>50k - <=100k
687,Prof.,Carolanne,oral.schultz@aosdeag.com,HighSchool,36,Other,Yes,greater london,united kingdom,<=50k
688,Kirk,Becker,dawson.prosacco@silnmy.com,Undergraduate,45,Male,Yes,illinois,united states,<=50k
689,Palma,Labadie,rkirlin@mamasuna.com,PhD,47,Female,No,california,united states,>200k
690,Olga,Botsford,lela.keeling@chantellegribbon.com,PhD,23,Other,No,guangdong,china,>50k - <=100k
691,Athena,Murphy,okozey@o0i.es,PhD,42,Other,Yes,illinois,united states,>50k - <=100k
692,Michael,O'Hara,shields.kailyn@scdhn.com,Masters,47,Female,No,new york,united states,>100k - <=150k
693,Jace,Braun,dibbert.raymond@alvinneo.com,HighSchool,39,Female,Yes,surrey,united kingdom,>50k - <=100k
694,Barrett,Mayer,eliseo.armstron@guitarsxltd.com,Masters,41,Male,Yes,new york,united states,<=50k
695,Mateo,Feil,kiel.stamm@gmailpro.gq,PhD,32,Other,Yes,guangdong,china,>100k - <=150k
696,Erica,Shanahan,predovic.deron@silnmy.com,Masters,49,Male,Yes,ohio,united states,>150k - <=200k
697,Kelsie,Treutel,bridie.bosco@luddo.me,Masters,32,Other,No,new york,united states,>50k - <=100k
698,Jettie,Gerhold,green.elaina@villastream.xyz,Undergraduate,46,Male,Yes,maharashtra,india,<=50k
699,Dr.,Angie,tfisher@ciatico.site,Undergraduate,34,Other,No,hessen,germany,>150k - <=200k
700,Kim,Jacobson,branson81@ebarg.net,PhD,24,Female,Yes,new jersey,united states,>50k - <=100k
701,Harvey,Johns,orion37@golviagens.com,PhD,22,Male,Yes,new jersey,united states,>100k - <=150k
702,Alva,Pacocha,wiza.esta@eeetivsc.com,Undergraduate,45,Male,No,illinois,united states,>150k - <=200k
703,Alysha,Davis,annetta.hand@shubowtv.com,PhD,26,Other,No,bavaria,germany,>100k - <=150k
704,Dante,Bins,cortez.vonruede@ffo.kr,HighSchool,21,Female,No,massachusetts,united states,<=50k
705,Kobe,Toy,cole.natalie@mymailcr.com,Masters,23,Female,Yes,new york,united states,>100k - <=150k
706,Connor,Hermann,hritchie@asifboot.com,HighSchool,45,Male,No,texas,united states,>150k - <=200k
707,Ms.,Felicity,veum.princess@soccerfit.com,HighSchool,24,Other,No,west berkshire,united kingdom,>200k
708,Ida,O'Conner,filiberto09@otlaecc.com,HighSchool,22,Male,No,wisconsin,united states,>100k - <=150k
709,Mr.,Stanford,sonny12@hasevo.com,PhD,39,Other,No,texas,united states,<=50k
710,Zoe,Kohler,finn.king@ibelnsep.com,PhD,26,Male,No,new york,united states,>200k
711,Gerhard,Beatty,khalil21@colevillecapital.com,Masters,23,Male,No,washington,united states,>50k - <=100k
712,Sabrina,Hane,gfranecki@ffgrn.com,Undergraduate,33,Male,Yes,illinois,united states,>150k - <=200k
713,Macey,Beatty,veronica60@gkqil.com,HighSchool,42,Other,No,hessen,germany,>100k - <=150k
714,Alexa,Jaskolski,astrid.bruen@greendike.com,PhD,44,Female,Yes,greater london,united kingdom,<=50k
715,Elisabeth,Langworth,clarabelle.stra@ffgrn.com,Undergraduate,42,Other,Yes,new jersey,united states,<=50k
716,Osborne,Bernier,torrey71@cheapnitros.com,HighSchool,36,Female,No,new york,united states,<=50k
717,Jerod,Cruickshank,ehuels@vireonidae.com,PhD,32,Other,Yes,california,united states,>200k
718,Jed,Lynch,chelsey.oconnel@erhoei.com,HighSchool,36,Male,No,uusimaa,finland,>150k - <=200k
719,Dr.,Alejandrin,gbarrows@isueir.com,Masters,37,Female,Yes,île-de-france,france,>200k
720,Veda,Armstrong,apaucek@ecallen.com,HighSchool,45,Male,No,greater london,united kingdom,<=50k
721,Dr.,Brock,lind.sarah@pickuplanet.com,Masters,44,Female,Yes,new jersey,united states,>50k - <=100k
722,Kameron,Feeney,emmerich.luciou@gmailpro.gq,Undergraduate,40,Female,No,greater london,united kingdom,>100k - <=150k
723,Mabel,Lind,ebednar@guitarsxltd.com,Undergraduate,29,Female,Yes,greater london,united kingdom,>50k - <=100k
724,Ms.,Belle,elliot99@hasevo.com,HighSchool,37,Other,No,new york,united states,>100k - <=150k
725,Augustine,Lowe,enrique92@isueir.com,Undergraduate,23,Other,Yes,texas,united states,>100k - <=150k
726,Mr.,Leonel,johnson.frederi@partnerct.com,Undergraduate,35,Female,Yes,district of columbia,united states,>50k - <=100k
727,Mr.,Joany,altenwerth.mari@outlook.sbs,Undergraduate,41,Other,No,new jersey,united states,>50k - <=100k
728,Mrs.,Rozella,jakubowski.keat@soccerfit.com,Undergraduate,43,Female,Yes,minnesota,united states,>150k - <=200k
729,Miss,Corrine,pbatz@pickuplanet.com,PhD,39,Other,Yes,greater london,united kingdom,>50k - <=100k
730,Mr.,Emanuel,reed52@soccerfit.com,Masters,36,Female,No,greater london,united kingdom,>200k
731,Grant,Roob,hgrant@antawii.com,Masters,41,Female,No,california,united states,>50k - <=100k
732,Mrs.,Delia,orrin59@bizimalem-support.de,PhD,40,Female,No,karnataka,india,>200k
733,Demetrius,Ryan,anderson.jarrod@erhoei.com,HighSchool,44,Male,No,zurich,switzerland,>150k - <=200k
734,Mr.,Carey,jana.hamill@cashbackr.com,PhD,45,Other,No,île-de-france,france,>150k - <=200k
735,Jacquelyn,Nitzsche,jaycee63@guitarsxltd.com,HighSchool,34,Other,Yes,new jersey,united states,<=50k
736,Linnie,Jacobson,upowlowski@alvinneo.com,PhD,30,Other,No,new york,united states,>100k - <=150k
737,Emilie,Metz,brody.cormier@pickuplanet.com,PhD,39,Female,No,vaud,switzerland,>150k - <=200k
738,Mr.,Jean,lavern.armstron@asifboot.com,Undergraduate,35,Female,Yes,california,united states,<=50k
739,Leslie,Treutel,marquardt.annab@bizimalem-support.de,Undergraduate,24,Female,No,aquitaine,france,>50k - <=100k
740,Candice,Spinka,kameron11@gmailpro.ml,Undergraduate,25,Female,Yes,vaud,switzerland,>100k - <=150k
741,Mateo,Bergnaum,hwhite@pzuilop.de,Undergraduate,30,Male,Yes,uusimaa,finland,>200k
742,Alfredo,Bechtelar,jennyfer.feeney@gmailpro.ml,Undergraduate,45,Female,No,california,united states,<=50k
743,Jade,Hodkiewicz,mcdermott.barth@zeemails.in,Masters,44,Female,Yes,michigan,united states,>100k - <=150k
744,Davion,Goyette,durgan.theodore@guitarsxltd.com,PhD,33,Other,Yes,ohio,united states,>150k - <=200k
745,Lemuel,Von,kunze.macie@emlppt.com,Undergraduate,43,Male,No,illinois,united states,>150k - <=200k
746,Brian,Kshlerin,kelley77@gmailwe.com,PhD,47,Female,Yes,california,united states,<=50k
747,Mr.,Wilford,skeebler@cashbackr.com,HighSchool,40,Other,No,california,united states,>150k - <=200k
748,Mario,Koss,elena.beer@bizimalem-support.de,Masters,41,Male,Yes,greater london,united kingdom,>200k
749,Aurelie,Ondricka,bednar.kareem@eeothno.com,HighSchool,25,Male,No,west berkshire,united kingdom,<=50k
750,Dr.,Zackary,strosin.herman@colevillecapital.com,PhD,50,Other,No,illinois,united states,>150k - <=200k
751,Mrs.,Brianne,bennie.barton@hotmail.red,HighSchool,40,Female,Yes,vaud,switzerland,>150k - <=200k
752,Leopoldo,Lehner,barney.friesen@outlook.sbs,PhD,50,Male,No,washington,united states,>200k
753,Katrine,Raynor,ayden02@eetieg.com,Undergraduate,36,Female,No,ohio,united states,>150k - <=200k
754,Mrs.,Cassandre,nicola.lueilwit@neaeo.com,PhD,42,Male,No,massachusetts,united states,>200k
755,Howard,Thiel,lue.toy@shurkou.com,PhD,25,Female,No,california,united states,>50k - <=100k
756,Giovani,Schowalter,forest.hamill@txtee.site,Undergraduate,49,Other,Yes,new york,united states,<=50k
757,Prof.,Leon,denis.funk@plexvenet.com,HighSchool,40,Other,Yes,greater london,united kingdom,>200k
758,Conner,Kuphal,hansen.loyce@zeemails.in,PhD,47,Other,No,georgia,united states,>50k - <=100k
759,Mrs.,Nichole,simonis.darien@ectong.xyz,Undergraduate,31,Male,No,washington,united states,>50k - <=100k
760,Miss,Lola,maxime15@ibelnsep.com,Masters,44,Other,Yes,île-de-france,france,>200k
761,Ottis,Veum,jayson.hermisto@eelrcbl.com,PhD,47,Male,No,georgia,united states,>100k - <=150k
762,Dr.,Savanah,marisol.halvors@guitarsxltd.com,PhD,28,Female,No,california,united states,<=50k
763,Ms.,Veronica,pwindler@ibelnsep.com,HighSchool,42,Female,No,texas,united states,>200k
764,Prof.,Brayan,dickinson.iva@tunhide.com,PhD,41,Other,Yes,california,united states,<=50k
765,Miss,Joyce,gretchen.hills@rheiop.com,Undergraduate,38,Male,No,new york,united states,>200k
766,Sadie,Schneider,bkohler@zeemails.in,Masters,25,Male,Yes,new york,united states,>100k - <=150k
767,Khalil,Rosenbaum,connelly.jaron@iprloi.com,Masters,38,Female,No,new york,united states,>50k - <=100k
768,Dayton,Jacobson,epurdy@cloudscredit.com,HighSchool,25,Female,No,vaud,switzerland,<=50k
769,Dominique,Yost,wilford.champli@luddo.me,HighSchool,24,Other,No,greater london,united kingdom,<=50k
770,Mrs.,Cassandra,hkonopelski@ciatico.site,PhD,40,Male,No,zurich,switzerland,>100k - <=150k
771,Pierce,Crist,lydia06@cloudscredit.com,Masters,43,Male,Yes,massachusetts,united states,>150k - <=200k
772,Lucienne,Lindgren,mkozey@zeemails.in,HighSchool,26,Other,No,hessen,germany,>200k
773,Mr.,Kiel,tatyana28@gmailwe.com,PhD,48,Female,No,texas,united states,>50k - <=100k
774,Dr.,Shyann,zena.effertz@drstshop.com,Undergraduate,47,Female,No,karnataka,india,<=50k
775,Julian,Abernathy,iwolf@visieonl.com,Undergraduate,46,Male,Yes,zurich,switzerland,>200k
776,Orie,Raynor,glockman@iprloi.com,PhD,40,Female,No,maryland,united states,>200k
777,Kurtis,Lesch,homenick.trinit@chantellegribbon.com,PhD,27,Other,No,minnesota,united states,<=50k
778,Dr.,Amani,olson.marielle@cloudscredit.com,PhD,46,Other,Yes,zurich,switzerland,>200k
779,Prof.,Rashawn,john23@gmailwe.com,PhD,30,Male,Yes,west berkshire,united kingdom,>50k - <=100k
780,Polly,Waters,bernadine.erdma@eamrhh.com,Undergraduate,23,Female,No,aquitaine,france,>150k - <=200k
781,Paige,Schmeler,mquitzon@rheiop.com,Undergraduate,33,Female,Yes,michigan,united states,>100k - <=150k
782,Anahi,Padberg,hwiegand@emlppt.com,PhD,47,Other,No,new york,united states,<=50k
783,Jabari,Champlin,ellen17@greendike.com,PhD,22,Female,No,île-de-france,france,<=50k
784,Dr.,Emiliano,shanahan.nicole@cloudscredit.com,PhD,35,Female,Yes,ontario,canada,<=50k
785,Jada,Wiza,lromaguera@eelrcbl.com,Undergraduate,46,Other,No,new york,united states,<=50k
786,Beth,Schuster,ffriesen@asifboot.com,HighSchool,49,Other,No,north carolina,united states,>50k - <=100k
787,Ronaldo,Dooley,tianna79@mamasuna.com,Masters,41,Female,Yes,uttar pradesh,india,<=50k
788,Mr.,Trenton,lela.bauch@gmailvn.net,PhD,21,Other,Yes,california,united states,>50k - <=100k
789,Gerard,Abernathy,caitlyn25@luddo.me,PhD,43,Female,Yes,california,united states,>100k - <=150k
790,Kacey,Nader,qmills@emvil.com,Masters,48,Female,Yes,illinois,united states,<=50k
791,Dr.,Linda,doyle90@hotmail.red,Undergraduate,44,Other,No,illinois,united states,>200k
792,Ms.,Helene,ashley.hoppe@luddo.me,PhD,33,Female,Yes,texas,united states,<=50k
793,Dr.,Catharine,yhirthe@mamasuna.com,Masters,28,Male,Yes,wisconsin,united states,>100k - <=150k
794,Samanta,Cole,strosin.furman@iprloi.com,Masters,49,Female,Yes,california,united states,>100k - <=150k
795,Dr.,Bo,carter.hackett@lompikachi.com,HighSchool,39,Other,Yes,île-de-france,france,>50k - <=100k
796,Fiona,Adams,verna.koelpin@xducation.us,PhD,36,Male,No,new jersey,united states,>150k - <=200k
797,Prof.,Jett,jeffry.schaden@golviagens.com,PhD,43,Male,No,uttar pradesh,india,>100k - <=150k
798,Mr.,Vern,ethyl39@snapboosting.com,Undergraduate,48,Female,No,california,united states,>100k - <=150k
799,Adan,Bosco,crempel@eelrcbl.com,Undergraduate,34,Female,Yes,karnataka,india,>50k - <=100k
800,Rita,Franecki,lonzo.hettinger@colevillecapital.com,Masters,32,Female,No,greater london,united kingdom,>100k - <=150k
801,Dr.,Cade,americo86@xducation.us,Undergraduate,48,Female,Yes,new york,united states,>50k - <=100k
802,Sibyl,Schinner,jkihn@eluvit.com,Masters,34,Female,Yes,new york,united states,>100k - <=150k
803,Arch,Greenfelder,schaefer.kurtis@rheiop.com,PhD,35,Other,No,guangdong,china,>100k - <=150k
804,Alexandrea,Olson,ursula00@drstshop.com,Masters,25,Other,Yes,michigan,united states,>100k - <=150k
805,Dina,Batz,garrison00@pvmail.pw,PhD,22,Other,No,illinois,united states,<=50k
806,Dr.,Jamison,whettinger@omdiaco.com,PhD,35,Male,Yes,connecticut,united states,>150k - <=200k
807,Cristina,Mante,okuneva.aliya@ebarg.net,HighSchool,27,Male,No,new york,united states,<=50k
808,Mr.,Elias,fahey.johan@cloudscredit.com,PhD,40,Other,Yes,karnataka,india,<=50k
809,Jess,Lynch,akiehn@gmailpro.gq,HighSchool,29,Other,Yes,uttar pradesh,india,>150k - <=200k
810,Elliot,Langosh,shahn@txtee.site,HighSchool,24,Female,No,washington,united states,>200k
811,Louvenia,Grady,bwisozk@somecringe.ml,Undergraduate,41,Other,Yes,georgia,united states,>150k - <=200k
812,Bria,Dach,zieme.oren@ecallen.com,PhD,36,Female,Yes,new york,united states,>50k - <=100k
813,Carolina,Block,terrence93@ebarg.net,Masters,25,Female,No,new jersey,united states,>50k - <=100k
814,Norbert,Rowe,junior.fahey@otlaecc.com,Undergraduate,40,Other,Yes,washington,united states,>150k - <=200k
815,Dr.,Uriah,lempi.volkman@pickuplanet.com,Masters,41,Male,Yes,zurich,switzerland,>50k - <=100k
816,Marietta,Kohler,darwin29@tunhide.com,HighSchool,29,Female,No,île-de-france,france,>50k - <=100k
817,Noelia,Moen,dolly47@fheiesit.com,PhD,32,Male,No,basel-city,switzerland,>200k
818,Mallory,Kassulke,shannon59@ectong.xyz,Masters,49,Male,No,illinois,united states,>50k - <=100k
819,Alec,Buckridge,denis.stracke@greendike.com,HighSchool,36,Male,No,minnesota,united states,<=50k
820,Mr.,Lexus,ratke.rusty@plexvenet.com,HighSchool,24,Other,No,new york,united states,<=50k
821,Moriah,Braun,shana.douglas@mexcool.com,Undergraduate,43,Other,No,aquitaine,france,<=50k
822,Tyreek,Dooley,carlo.oreilly@athdn.com,HighSchool,46,Male,No,new jersey,united states,<=50k
823,Mrs.,Madelynn,sdicki@otlaecc.com,HighSchool,24,Other,Yes,district of columbia,united states,>150k - <=200k
824,Prof.,Darrell,miguel.quitzon@fheiesit.com,PhD,47,Male,Yes,new york,united states,>200k
825,Lulu,Beahan,zstokes@isueir.com,Undergraduate,29,Male,Yes,virginia,united states,>150k - <=200k
826,Janae,Little,ziemann.jabari@eeppai.com,PhD,42,Male,Yes,hessen,germany,>200k
827,Adolphus,Kozey,summer.daniel@athdn.com,PhD,33,Male,Yes,greater london,united kingdom,>100k - <=150k
828,Prof.,Abel,kunde.newton@iprloi.com,Undergraduate,50,Female,No,île-de-france,france,>200k
829,Estel,Emard,ftorp@emlppt.com,Masters,40,Male,Yes,new jersey,united states,>100k - <=150k
830,Nola,Beatty,amiller@guitarsxltd.com,HighSchool,37,Female,No,zurich,switzerland,>200k
831,Annetta,Frami,jamey91@tnecnw.com,PhD,30,Male,Yes,washington,united states,>200k
832,Mr.,Carmel,kacie54@snapboosting.com,Undergraduate,25,Female,No,virginia,united states,>100k - <=150k
833,Mrs.,Helena,hyatt.danika@cheapnitros.com,Masters,40,Female,Yes,ontario,canada,>200k
834,Brain,Ortiz,weissnat.assunt@asifboot.com,Undergraduate,24,Male,No,texas,united states,>150k - <=200k
835,Brice,Kling,cortney.marks@xducation.us,Undergraduate,49,Female,Yes,guangdong,china,>200k
836,Presley,Kirlin,maybelle.pfeffe@snapboosting.com,Masters,37,Female,No,guangdong,china,>200k
837,Mrs.,Lauretta,alexandrea.skil@iprloi.com,Masters,39,Male,No,washington,united states,>200k
838,Jamil,Baumbach,pouros.hyman@tnecnw.com,HighSchool,46,Male,Yes,california,united states,>50k - <=100k
839,Josh,Schmidt,kulas.kelton@doczd.site,HighSchool,23,Other,No,new jersey,united states,>100k - <=150k
840,Dr.,Ashton,tod99@plexvenet.com,HighSchool,33,Other,Yes,california,united states,>50k - <=100k
841,Henriette,Prosacco,ydamore@somecringe.ml,HighSchool,35,Male,Yes,ohio,united states,>100k - <=150k
842,Myles,McDermott,gauer@ilrlb.com,Masters,34,Female,No,greater london,united kingdom,>50k - <=100k
843,Brody,Yost,lenora.oreilly@iprloi.com,Masters,28,Female,No,district of columbia,united states,>200k
844,Jordon,Zemlak,price.oswaldo@emvil.com,HighSchool,50,Female,No,zuid-holland,netherlands,>150k - <=200k
845,Jeffrey,Stanton,russel.vickie@eluvit.com,HighSchool,33,Female,No,new york,united states,>200k
846,Jackeline,Halvorson,emely.spinka@mexcool.com,Undergraduate,28,Female,No,california,united states,>200k
847,Mr.,Delaney,kessler.oswaldo@greendike.com,Masters,39,Male,Yes,virginia,united states,>50k - <=100k
848,Berniece,Klocko,kaylah.bernier@ilrlb.com,PhD,49,Other,No,new york,united states,<=50k
849,Loyal,Hane,hoyt.schimmel@pickuplanet.com,HighSchool,24,Other,No,illinois,united states,<=50k
850,Cara,Grady,mathilde.tranto@fheiesit.com,Undergraduate,33,Other,Yes,keller williams realty,kw.com,<=50k
851,Ms.,Alvena,uhuels@tnecnw.com,Masters,46,Female,Yes,district of columbia,united states,>200k
852,Donny,Ritchie,gonzalo19@fheiesit.com,HighSchool,23,Other,No,virginia,united states,>150k - <=200k
853,Lacy,Schoen,bwalker@neaeo.com,Masters,48,Other,No,new york,united states,<=50k
854,Jessica,Anderson,osipes@plexvenet.com,Undergraduate,27,Female,No,kentucky,united states,<=50k
855,Sven,Nader,isadore.turcott@tunhide.com,HighSchool,42,Male,Yes,north carolina,united states,>200k
856,Dr.,Lempi,valentin80@emvil.com,PhD,47,Other,No,massachusetts,united states,>200k
857,Lillie,Macejkovic,cartwright.robb@luddo.me,Masters,28,Male,Yes,maharashtra,india,<=50k
858,Dr.,Eldred,brekke.savannah@tnecnw.com,PhD,25,Male,Yes,greater london,united kingdom,>200k
859,Ms.,Erica,cristobal67@otlaecc.com,Masters,42,Male,Yes,new york,united states,>150k - <=200k
860,Cierra,Satterfield,roy.emard@isueir.com,Undergraduate,32,Male,Yes,maharashtra,india,>100k - <=150k
861,Grover,Marvin,bhessel@txtee.site,Undergraduate,46,Male,Yes,georgia,united states,>150k - <=200k
862,Columbus,Will,clark.nader@luddo.me,Masters,21,Male,Yes,new york,united states,<=50k
863,Evangeline,O'Hara,gorczany.genesi@bbtspage.com,Undergraduate,28,Female,No,dublin,ireland,>150k - <=200k
864,Deondre,Beatty,hettinger.geral@silnmy.com,Masters,34,Male,Yes,new york,united states,>100k - <=150k
865,Annabel,Hermiston,stokes.ansley@pvmail.pw,HighSchool,30,Male,No,texas,united states,>150k - <=200k
866,Brittany,Kautzer,jacobson.ilene@boranora.com,Masters,42,Other,No,california,united states,>150k - <=200k
867,Dr.,Kayli,april95@snapboosting.com,PhD,47,Female,No,california,united states,>200k
868,Fanny,Beahan,grolfson@antawii.com,Masters,23,Female,Yes,california,united states,>150k - <=200k
869,Ila,Crist,schmitt.allene@athdn.com,Undergraduate,38,Female,No,washington,united states,>200k
870,Camden,Barton,herminia78@tunhide.com,Undergraduate,22,Male,Yes,kentucky,united states,>150k - <=200k
871,Rowland,Gutkowski,jpfeffer@nalsci.com,PhD,50,Other,No,guangdong,china,>50k - <=100k
872,Kiarra,Skiles,hodkiewicz.luci@chantellegribbon.com,Masters,23,Male,Yes,basel-city,switzerland,<=50k
873,Catherine,Bogan,gerhold.johnath@zipeo.site,PhD,37,Other,No,new york,united states,>50k - <=100k
874,Mitchel,Raynor,mariane.hammes@tunhide.com,PhD,25,Other,Yes,stockholm,sweden,>200k
875,Bessie,Price,gaston10@cheapnitros.com,PhD,46,Male,Yes,bavaria,germany,>200k
876,Miss,Sandra,kris.tobin@freeallapp.com,Masters,29,Male,No,california,united states,<=50k
877,Stanford,Hodkiewicz,tkuvalis@guitarsxltd.com,PhD,43,Female,Yes,district of columbia,united states,>100k - <=150k
878,Janick,Gleason,qbuckridge@sauhasc.com,HighSchool,21,Male,No,minnesota,united states,>50k - <=100k
879,Ashleigh,Murazik,bosco.trent@pickuplanet.com,PhD,47,Female,No,connecticut,united states,>100k - <=150k
880,Carli,White,tbergstrom@zaya.ga,HighSchool,41,Female,No,new york,united states,>100k - <=150k
881,Fatima,Breitenberg,gturner@phtunneler.com,HighSchool,23,Other,No,new york,united states,>200k
882,Cordia,Mann,kayley40@zaya.ga,PhD,39,Other,Yes,hillingdon,united kingdom,>100k - <=150k
883,Jo,McCullough,mable.graham@silnmy.com,HighSchool,25,Other,No,new york,united states,>150k - <=200k
884,Cory,Buckridge,vwintheiser@santonicrotone.it,Undergraduate,49,Male,Yes,new york,united states,<=50k
885,Maria,Moen,stanton.julia@emvil.com,HighSchool,25,Female,Yes,district of columbia,united states,>200k
886,Addison,Baumbach,khalvorson@txtee.site,HighSchool,30,Female,No,île-de-france,france,>100k - <=150k
887,Miss,Kristy,jhoppe@nalsci.com,PhD,47,Male,Yes,illinois,united states,>200k
888,Sammy,Lebsack,devon39@emvil.com,Undergraduate,29,Female,Yes,new jersey,united states,>150k - <=200k
889,Arvid,Kuhlman,roderick.nienow@pzuilop.de,Undergraduate,46,Other,Yes,new york,united states,>50k - <=100k
890,Bianka,Douglas,elaina40@santonicrotone.it,Undergraduate,36,Other,Yes,turin,united kingdom,>100k - <=150k
891,Lea,Wyman,lebsack.lisandr@isueir.com,HighSchool,26,Other,Yes,basel-city,switzerland,>150k - <=200k
892,Mauricio,Gerlach,bernita54@nalsci.com,Masters,24,Male,Yes,kentucky,united states,>50k - <=100k
893,Tavares,Romaguera,reynolds.savana@tunhide.com,PhD,24,Male,No,zurich,switzerland,>200k
894,Mr.,Noel,bosco.urban@hotmail.red,Undergraduate,42,Male,Yes,keller williams realty,kw.com,>100k - <=150k
895,Marlen,Dooley,maribel87@partnerct.com,HighSchool,33,Female,No,massachusetts,united states,<=50k
896,Gwendolyn,Dickens,pfeffer.dannie@antawii.com,Undergraduate,43,Other,No,massachusetts,united states,>100k - <=150k
897,Florian,Hamill,lking@freeallapp.com,Masters,35,Other,No,stockholm,sweden,>150k - <=200k
898,Mr.,Kraig,mcdermott.demet@nonise.com,Undergraduate,36,Female,No,new jersey,united states,<=50k
899,Lauryn,Huels,ibrahim.stracke@btcmod.com,Masters,44,Male,Yes,hessen,germany,>200k
900,Vada,Gorczany,cremin.ronny@antawii.com,HighSchool,32,Male,No,texas,united states,>200k
901,Gus,Von,estelle.trantow@mailpluss.com,PhD,24,Other,Yes,kentucky,united states,>50k - <=100k
902,Prof.,Madisen,abel.fadel@filevino.com,PhD,37,Female,Yes,california,united states,>50k - <=100k
903,Kenyatta,Cronin,pfeffer.buford@isueir.com,Masters,26,Other,No,connecticut,united states,>50k - <=100k
904,Isom,Kling,fleta.lowe@phtunneler.com,Undergraduate,26,Other,Yes,minnesota,united states,>150k - <=200k
905,Virginie,Reinger,istanton@antawii.com,PhD,32,Female,No,greater london,united kingdom,<=50k
906,Royce,O'Conner,borer.deontae@btcmod.com,HighSchool,28,Other,Yes,california,united states,<=50k
907,Betty,Durgan,brionna59@guitarsxltd.com,PhD,37,Other,No,texas,united states,>100k - <=150k
908,Dr.,Jamel,adell.roberts@hasevo.com,Masters,46,Male,Yes,ayatama energi,,>150k - <=200k
909,Alf,Lowe,macejkovic.lavi@adaov.com,Masters,35,Male,Yes,minnesota,united states,>150k - <=200k
910,Jana,Rodriguez,yweimann@pickuplanet.com,PhD,35,Male,No,surrey,united kingdom,<=50k
911,Mr.,Alford,vconsidine@sauhasc.com,HighSchool,48,Female,No,guangdong,china,>50k - <=100k
912,Brycen,Jenkins,lynch.oren@ezybarber.com,HighSchool,22,Female,Yes,aquitaine,france,>50k - <=100k
913,Braden,Schiller,lindgren.estel@luddo.me,Undergraduate,46,Female,No,new york,united states,>200k
914,Mabel,Howell,onitzsche@tnecnw.com,HighSchool,46,Other,No,new york,united states,<=50k
915,Prof.,Joany,mrowe@sauhasc.com,Masters,38,Other,Yes,california,united states,>200k
916,Angelita,Hoppe,kaylie.hackett@eluvit.com,PhD,28,Female,No,new jersey,united states,<=50k
917,Mrs.,Emmanuelle,humberto.zieman@ectong.xyz,PhD,42,Female,Yes,minnesota,united states,>50k - <=100k
918,Jensen,Haag,magali34@snapboosting.com,Undergraduate,22,Male,No,turin,united kingdom,>100k - <=150k
919,Anastacio,Emmerich,lindgren.phoebe@nonise.com,HighSchool,25,Other,Yes,illinois,united states,>150k - <=200k
920,Prof.,Carmine,kyla.hilll@eluvit.com,Masters,40,Male,No,georgia,united states,>200k
921,Dr.,Oceane,adalberto.kulas@mercantravellers.com,Masters,31,Male,Yes,nordrhein-westfalen,germany,>50k - <=100k
922,Daniela,Roberts,klocko.meta@drstshop.com,PhD,39,Female,No,georgia,united states,>50k - <=100k
923,Raoul,Hagenes,morn@lompikachi.com,Masters,26,Other,No,washington,united states,>150k - <=200k
924,Ms.,Adaline,pedro07@hasevo.com,Undergraduate,36,Male,Yes,district of columbia,united states,>150k - <=200k
925,Kylie,Schulist,wpredovic@chantellegribbon.com,PhD,38,Male,Yes,california,united states,>200k
926,Dr.,Everardo,nstiedemann@ffo.kr,Undergraduate,42,Other,Yes,basel-city,switzerland,>150k - <=200k
927,Prof.,Norval,mccullough.mica@otlaecc.com,Undergraduate,36,Male,No,west berkshire,united kingdom,<=50k
928,Bettie,Gislason,chaz35@sgisfg.com,HighSchool,26,Female,No,illinois,united states,>150k - <=200k
929,Prof.,Brad,elfrieda.boehm@sgisfg.com,Masters,35,Female,No,maharashtra,india,<=50k
930,Cicero,Pfannerstill,haylee.brakus@doczd.site,Masters,50,Female,No,zuid-holland,netherlands,>100k - <=150k
931,Prof.,Juvenal,krice@emlppt.com,Undergraduate,34,Female,No,new york,united states,>100k - <=150k
932,Tamia,Ullrich,reba36@snapboosting.com,HighSchool,44,Female,Yes,keller williams realty,kw.com,>200k
933,Clementina,Turcotte,joaquin74@storemail.ml,HighSchool,45,Female,Yes,greater london,united kingdom,<=50k
934,Pearline,Adams,wunsch.ramon@isueir.com,PhD,35,Other,No,greater london,united kingdom,<=50k
935,Eudora,Graham,eudora57@btcmod.com,Undergraduate,31,Male,Yes,ontario,canada,>150k - <=200k
936,Finn,Nolan,francesca.abshi@ciatico.site,Masters,48,Male,Yes,uusimaa,finland,<=50k
937,Dr.,Gust,london.hayes@ilrlb.com,Undergraduate,31,Female,Yes,greater london,united kingdom,>50k - <=100k
938,Lizeth,Stracke,ericka.schowalt@ifrghee.com,PhD,42,Female,No,north carolina,united states,>200k
939,Ms.,Joannie,yundt.ashley@isueir.com,PhD,44,Male,No,district of columbia,united states,>50k - <=100k
940,Ms.,Serenity,miller.wilford@hungta2.com,PhD,32,Male,No,illinois,united states,>100k - <=150k
941,Ardella,Rutherford,daniel.boyd@mexcool.com,Undergraduate,46,Other,No,new jersey,united states,>150k - <=200k
942,Dr.,Wilber,braun.scarlett@btcmod.com,Undergraduate,44,Female,No,connecticut,united states,>100k - <=150k
943,Leo,Adams,eldora35@perirh.com,HighSchool,41,Male,Yes,hessen,germany,>200k
944,Ervin,Gutkowski,simonis.alice@vietkevin.com,Masters,40,Female,Yes,greater london,united kingdom,<=50k
945,Rosalinda,Fritsch,enrico63@ichstet.com,Masters,33,Female,Yes,california,united states,>200k
946,Dr.,Tomas,adam99@isueir.com,Undergraduate,22,Female,No,maharashtra,india,>200k
947,Jude,Terry,filiberto69@emlppt.com,HighSchool,24,Female,No,texas,united states,>50k - <=100k
948,Dessie,Grant,vmayert@ichstet.com,HighSchool,31,Other,No,washington,united states,>150k - <=200k
949,Kasandra,Lakin,qcassin@silnmy.com,PhD,21,Other,Yes,washington,united states,<=50k
950,Adeline,Williamson,martina08@ichstet.com,Masters,47,Other,No,washington,united states,<=50k
951,Amie,Pfannerstill,justus.fadel@ilrlb.com,HighSchool,29,Male,No,california,united states,>200k
952,Earlene,Hahn,larkin.jefferey@pvmail.pw,Masters,31,Male,No,new york,united states,>150k - <=200k
953,Lilly,Graham,fcollins@mercantravellers.com,HighSchool,44,Female,Yes,texas,united states,>100k - <=150k
954,Mrs.,Loma,humberto70@gmailpro.gq,PhD,22,Other,No,hillingdon,united kingdom,>200k
955,Kieran,Armstrong,sjast@doczd.site,Masters,38,Other,Yes,washington,united states,>150k - <=200k
956,Norbert,Gibson,gay30@freeallapp.com,Masters,25,Female,No,texas,united states,<=50k
957,Delores,Abernathy,michael03@posthectomie.info,HighSchool,50,Male,No,ohio,united states,<=50k
958,Prof.,Mitchell,schroeder.jared@sgisfg.com,Undergraduate,47,Male,No,new york,united states,>200k
959,Lonie,Anderson,gibson.emmanuel@pzuilop.de,Masters,38,Female,No,greater london,united kingdom,<=50k
960,Katarina,Weissnat,baumbach.jayson@ectong.xyz,HighSchool,49,Male,Yes,greater london,united kingdom,>150k - <=200k
961,Earnest,Ankunding,serenity69@soccerfit.com,PhD,22,Male,Yes,greater london,united kingdom,>200k
962,Mr.,Cooper,fbrekke@unambiguous.net,HighSchool,41,Female,No,california,united states,>50k - <=100k
963,Dr.,Florida,hagenes.bill@chantellegribbon.com,Undergraduate,35,Other,Yes,texas,united states,>150k - <=200k
964,Shaina,Shields,owelch@fheiesit.com,HighSchool,44,Male,Yes,karnataka,india,<=50k
965,Berry,Miller,gulgowski.betti@snapboosting.com,HighSchool,38,Other,No,nordrhein-westfalen,germany,>50k - <=100k
966,Douglas,Price,nfunk@ffo.kr,PhD,29,Other,No,illinois,united states,>50k - <=100k
967,Prof.,Emory,towne.jeffrey@filevino.com,Undergraduate,30,Other,Yes,new york,united states,<=50k
968,Camylle,Schaefer,pconroy@storemail.ml,Masters,33,Other,No,north carolina,united states,>100k - <=150k
969,Omari,Kunze,bradford.johns@perirh.com,HighSchool,27,Male,Yes,vaud,switzerland,>100k - <=150k
970,Ms.,Macie,layne97@nonise.com,Masters,48,Female,No,minnesota,united states,>50k - <=100k
971,Mr.,Unique,joan.rowe@pvmail.pw,PhD,28,Male,No,keller williams realty,kw.com,>100k - <=150k
972,Susan,Schimmel,aklocko@cheapnitros.com,HighSchool,46,Other,Yes,michigan,united states,>100k - <=150k
973,Mrs.,Henriette,kunze.maddison@mailcuk.com,HighSchool,39,Male,Yes,new york,united states,>200k
974,Abigayle,Christiansen,bechtelar.macke@nonise.com,Undergraduate,45,Female,Yes,new jersey,united states,>50k - <=100k
975,Vicenta,Schaden,adrienne.weber@omdlism.com,Masters,27,Male,Yes,new jersey,united states,>100k - <=150k
976,Dr.,Monserrat,jerrod47@unambiguous.net,Undergraduate,28,Male,Yes,île-de-france,france,>150k - <=200k
977,Carolyne,Satterfield,zdickinson@rheiop.com,HighSchool,24,Male,Yes,washington,united states,<=50k
978,Cordelia,Cruickshank,cosinski@fheiesit.com,HighSchool,39,Other,Yes,texas,united states,>50k - <=100k
979,Prof.,Liliana,dach.westley@unambiguous.net,Undergraduate,33,Male,Yes,california,united states,>50k - <=100k
980,Maude,Bogan,daniel.jocelyn@debb.me,Undergraduate,37,Other,No,california,united states,>100k - <=150k
981,Hailey,Jaskolski,rashawn.huels@rheiop.com,HighSchool,24,Female,Yes,california,united states,>50k - <=100k
982,Prof.,Regan,adelle36@debb.me,HighSchool,42,Other,No,new jersey,united states,>100k - <=150k
983,Dr.,Cristopher,zcollins@ichstet.com,PhD,43,Male,Yes,new york,united states,>200k
984,Miss,Lottie,reynolds.dandre@perirh.com,Undergraduate,47,Other,No,basel-city,switzerland,>200k
985,Ms.,Shanel,gklein@perirh.com,PhD,29,Other,Yes,illinois,united states,>150k - <=200k
986,Dr.,Nat,baumbach.nicole@unambiguous.net,HighSchool,43,Female,No,wisconsin,united states,>150k - <=200k
987,Zoe,Berge,auer.brennan@ffo.kr,PhD,41,Other,Yes,stockholm,sweden,<=50k
988,Winona,Koss,frice@pzuilop.de,PhD,41,Female,Yes,texas,united states,>200k
989,Buster,Schiller,mmcdermott@drstshop.com,Masters,23,Other,Yes,new york,united states,>100k - <=150k
990,Paula,Wuckert,donald.hyatt@mailpluss.com,HighSchool,50,Female,No,north carolina,united states,<=50k
991,Else,Dickens,mafalda.lang@nonise.com,HighSchool,47,Female,No,new york,united states,>200k
992,Astrid,Schiller,isidro74@cloudscredit.com,HighSchool,49,Other,No,new jersey,united states,>150k - <=200k
993,Prof.,Imelda,samson.beier@cheapnitros.com,PhD,39,Other,No,minnesota,united states,>150k - <=200k
994,Catalina,Rolfson,ywilkinson@fheiesit.com,PhD,43,Female,Yes,greater london,united kingdom,<=50k
995,Prof.,Karson,mireya.bashiria@perirh.com,Masters,44,Female,No,new jersey,united states,>200k
996,Maymie,Graham,alexie74@ffo.kr,PhD,46,Female,No,maharashtra,india,>200k
997,Kenya,McLaughlin,paxton81@rheiop.com,Undergraduate,38,Male,No,surrey,united kingdom,>50k - <=100k
998,Margarette,Hackett,nash18@ichstet.com,HighSchool,40,Female,No,california,united states,>150k - <=200k
999,Dr.,Tiara,davis.jessica@mailcuk.com,Undergraduate,26,Female,No,zuid-holland,netherlands,>200k
1000,Isobel,McLaughlin,triston.thompso@isueir.com,HighSchool,21,Other,Yes,surrey,united kingdom,>100k - <=150k
